t,r,N_n,N_t,C_h,,t,r,N_n,N_t,C_h,pH,,error N_n,Error_ N_t,Error _C_H
0,0,50002269.89,99995.50561,9.93E-10,,0,0,50002269.89,99995.50561,9.93E-10,7.389297003,,6.87E-09,9.98E-10,3.09E-02
0,0.005,50003742.31,99992.59022,9.89E-10,,0,0.005,50003742.31,99992.59022,9.89E-10,7.38934271,,2.75E-09,3.48E-09,1.32E-03
0,0.01,50006169.73,99987.78394,9.82E-10,,0,0.01,50006169.73,99987.78394,9.82E-10,7.38941722,,2.40E-09,3.02E-09,1.40E-03
0,0.015,50010171.35,99979.86073,9.71E-10,,0,0.015,50010171.35,99979.86073,9.71E-10,7.389537818,,2.19E-09,8.28E-10,3.22E-02
0,0.02,50016767.51,99966.80034,9.53E-10,,0,0.02,50016767.51,99966.80034,9.53E-10,7.389730759,,6.95E-09,2.92E-09,4.47E-02
0,0.025,50027638.93,99945.27491,9.24E-10,,0,0.025,50027638.93,99945.27491,9.24E-10,7.390033784,,3.69E-09,4.95E-09,1.53E-02
0,0.03,50045552.56,99909.80593,8.81E-10,,0,0.03,50045552.56,99909.80593,8.81E-10,7.39049615,,5.59E-10,1.76E-09,2.30E-02
0,0.035,50075059.11,99851.38296,8.18E-10,,0,0.035,50075059.11,99851.38296,8.18E-10,7.39117144,,5.67E-09,3.42E-09,5.20E-02
0,0.04,50123631.16,99755.21031,7.31E-10,,0,0.04,50123631.16,99755.21031,7.31E-10,7.392097234,,4.33E-09,2.51E-09,8.01E-03
0,0.045,50203506.89,99597.05637,6.22E-10,,0,0.045,50203506.89,99597.05637,6.22E-10,7.39326214,,8.38E-09,3.89E-09,7.38E-02
0,0.05,50334642.55,99337.40776,5.00E-10,,0,0.05,50334642.55,99337.40776,5.00E-10,7.394579476,,7.52E-09,1.51E-09,0.00E+00
0,0.055,50549347.13,98912.29268,3.78E-10,,0,0.055,50549347.13,98912.29268,3.78E-10,7.395900821,,3.03E-09,4.34E-10,1.22E-01
0,0.06,50899310.5,98219.36521,2.69E-10,,0,0.06,50899310.5,98219.36521,2.69E-10,7.397075988,,3.72E-09,3.82E-09,2.18E-02
0,0.065,51465611.54,97098.08916,1.82E-10,,0,0.065,51465611.54,97098.08916,1.82E-10,7.398014469,,4.73E-09,4.52E-09,2.34E-01
0,0.07,52371293.66,95304.83856,1.19E-10,,0,0.07,52371293.66,95304.83856,1.19E-10,7.39870156,,2.14E-09,4.80E-09,1.71E-01
0,0.075,53792909,92490.04018,7.59E-11,,0,0.075,53792909,92490.04018,7.59E-11,7.399173252,,1.97E-09,2.27E-09,5.51E-02
0,0.08,55960146.1,88198.91072,4.74E-11,,0,0.08,55960146.1,88198.91072,4.74E-11,7.39948294,,1.98E-09,2.15E-10,5.46E-02
0,0.085,59121276.19,81939.87314,2.93E-11,,0,0.085,59121276.19,81939.87314,2.93E-11,7.399680351,,5.38E-10,3.87E-09,4.17E-02
0,0.09,63447071.07,73374.79928,1.80E-11,,0,0.09,63447071.07,73374.79928,1.80E-11,7.399803833,,2.36E-09,5.96E-09,7.66E-02
0,0.095,68877033.44,62623.47379,1.10E-11,,0,0.095,68877033.44,62623.47379,1.10E-11,7.39988016,,1.35E-10,1.62E-09,1.19E-01
0,0.1,75000000,50500,6.69E-12,,0,0.1,75000000,50500,6.69E-12,7.399926994,,0.00E+00,0.00E+00,4.26E-02
0,0.105,81122966.56,38376.52621,4.07E-12,,0,0.105,81122966.56,38376.52621,4.07E-12,7.399955601,,1.14E-10,2.65E-09,3.38E-03
0,0.11,86552928.93,27625.20072,2.47E-12,,0,0.11,86552928.93,27625.20072,2.47E-12,7.399973027,,1.73E-09,1.58E-08,1.06E-01
0,0.115,90878723.81,19060.12686,1.50E-12,,0,0.115,90878723.81,19060.12686,1.50E-12,7.399983624,,3.50E-10,1.66E-08,7.88E-02
0,0.12,94039853.9,12801.08928,9.11E-13,,0,0.12,94039853.9,12801.08928,9.11E-13,7.399990061,,1.18E-09,1.48E-09,5.62E-03
0,0.125,96207091,8509.959822,5.53E-13,,0,0.125,96207091,8509.959822,5.53E-13,7.39999397,,1.10E-09,1.21E-09,4.00E-02
0,0.13,97628706.34,5695.161445,3.35E-13,,0,0.13,97628706.34,5695.161445,3.35E-13,7.399996342,,1.15E-09,7.39E-09,1.05E-01
0,0.135,98534388.46,3901.910844,2.03E-13,,0,0.135,98534388.46,3901.910844,2.03E-13,7.399997781,,2.47E-09,9.85E-09,2.10E-01
0,0.14,99100689.5,2780.634786,1.23E-13,,0,0.14,99100689.5,2780.634786,1.23E-13,7.399998654,,1.91E-09,8.89E-09,3.21E-01
0,0.145,99450652.87,2087.70732,7.48E-14,,0,0.145,99450652.87,2087.70732,7.48E-14,7.399999184,,1.54E-09,2.05E-08,6.18E-02
0,0.15,99665357.45,1662.592242,4.54E-14,,0,0.15,99665357.45,1662.592242,4.54E-14,7.399999505,,3.80E-09,2.98E-08,4.69E-03
0,0.155,99796493.11,1402.943634,2.75E-14,,0,0.155,99796493.11,1402.943634,2.75E-14,7.3999997,,4.21E-09,9.00E-09,1.30E-01
0,0.16,99876368.84,1244.789693,1.67E-14,,0,0.16,99876368.84,1244.789693,1.67E-14,7.399999818,,2.17E-09,3.96E-08,8.51E-03
0,0.165,99924940.89,1148.617043,1.01E-14,,0,0.165,99924940.89,1148.617043,1.01E-14,7.399999889,,2.84E-09,3.63E-08,2.97E-01
0,0.17,99954447.44,1090.194068,6.14E-15,,0,0.17,99954447.44,1090.194068,6.14E-15,7.399999933,,2.80E-10,2.25E-08,6.80E-02
0,0.175,99972361.07,1054.725085,3.73E-15,,0,0.175,99972361.07,1054.725085,3.73E-15,7.399999959,,1.85E-09,5.26E-09,9.01E-02
0,0.18,99983232.49,1033.199663,2.26E-15,,0,0.18,99983232.49,1033.199663,2.26E-15,7.399999975,,3.48E-09,8.11E-09,1.43E-02
0,0.185,99989828.65,1020.139271,1.37E-15,,0,0.185,99989828.65,1020.139271,1.37E-15,7.399999985,,1.10E-09,1.69E-08,6.99E-02
0,0.19,99993830.27,1012.216063,8.32E-16,,0,0.19,99993830.27,1012.216063,8.32E-16,7.399999991,,1.20E-09,2.24E-09,5.67E-02
0,0.195,99996257.69,1007.409777,5.04E-16,,0,0.195,99996257.69,1007.409777,5.04E-16,7.399999994,,1.38E-09,4.73E-08,6.89E-02
0,0.2,99997730.11,1004.494389,3.06E-16,,0,0.2,99997730.11,1004.494389,3.06E-16,7.399999997,,3.44E-09,1.53E-10,3.20E-02
0,0.205,99998623.22,1002.726033,1.86E-16,,0,0.205,99998623.22,1002.726033,1.86E-16,7.399999998,,4.56E-09,4.19E-08,2.48E-01
0,0.21,99999164.93,1001.653441,1.13E-16,,0,0.21,99999164.93,1001.653441,1.13E-16,7.399999999,,1.09E-09,2.37E-08,4.11E-01
0,0.215,99999493.5,1001.002869,6.83E-17,,0,0.215,99999493.5,1001.002869,6.83E-17,7.399999999,,4.51E-10,1.07E-08,6.44E-02
0,0.22,99999692.79,1000.608273,4.14E-17,,0,0.22,99999692.79,1000.608273,4.14E-17,7.4,,1.27E-09,2.85E-08,1.51E-03
0,0.225,99999813.67,1000.368937,2.51E-17,,0,0.225,99999813.67,1000.368937,2.51E-17,7.4,,1.96E-09,2.89E-08,3.98E-02
0,0.23,99999886.98,1000.223772,1.52E-17,,0,0.23,99999886.98,1000.223772,1.52E-17,7.4,,3.79E-09,1.05E-08,1.97E-01
0,0.235,99999931.45,1000.135725,9.24E-18,,0,0.235,99999931.45,1000.135725,9.24E-18,7.4,,2.14E-09,2.36E-08,2.76E-02
0,0.24,99999958.42,1000.082321,5.60E-18,,0,0.24,99999958.42,1000.082321,5.60E-18,7.4,,3.60E-09,2.75E-08,4.99E-02
0,0.245,99999974.78,1000.04993,3.40E-18,,0,0.245,99999974.78,1000.04993,3.40E-18,7.4,,2.63E-09,3.93E-08,5.09E-02
0,0.25,99999984.7,1000.030284,2.06E-18,,0,0.25,99999984.7,1000.030284,2.06E-18,7.4,,4.89E-09,3.20E-08,5.60E-02
0,0.255,99999990.72,1000.018368,1.25E-18,,0,0.255,99999990.72,1000.018368,1.25E-18,7.4,,3.04E-09,3.71E-08,1.22E-02
0,0.26,99999994.37,1000.011141,7.58E-19,,0,0.26,99999994.37,1000.011141,7.58E-19,7.4,,3.24E-09,1.90E-09,3.38E-02
0,0.265,99999996.59,1000.006757,4.60E-19,,0,0.265,99999996.59,1000.006757,4.60E-19,7.4,,2.80E-09,3.47E-08,2.05E-02
0,0.27,99999997.93,1000.004099,2.79E-19,,0,0.27,99999997.93,1000.004099,2.79E-19,7.4,,3.12E-11,4.62E-08,1.91E-02
0,0.275,99999998.74,1000.002486,1.69E-19,,0,0.275,99999998.74,1000.002486,1.69E-19,7.4,,4.50E-09,1.11E-08,1.12E-01
0,0.28,99999999.24,1000.001508,1.03E-19,,0,0.28,99999999.24,1000.001508,1.03E-19,7.4,,1.50E-09,2.32E-08,3.70E-01
0,0.285,99999999.54,1000.000915,6.22E-20,,0,0.285,99999999.54,1000.000915,6.22E-20,7.4,,1.87E-09,4.92E-08,6.67E-02
0,0.29,99999999.72,1000.000555,3.78E-20,,0,0.29,99999999.72,1000.000555,3.78E-20,7.4,,1.40E-10,3.23E-08,1.29E-01
0,0.295,99999999.83,1000.000336,2.29E-20,,0,0.295,99999999.83,1000.000336,2.29E-20,7.4,,8.66E-11,4.29E-08,1.16E-02
0,0.3,99999999.9,1000.000204,1.39E-20,,0,0.3,99999999.9,1000.000204,1.39E-20,7.4,,3.06E-09,5.42E-09,8.67E-02
0,0.305,99999999.94,1000.000124,8.42E-21,,0,0.305,99999999.94,1000.000124,8.42E-21,7.4,,2.51E-09,2.35E-08,4.14E-02
0,0.31,99999999.96,1000.000075,5.11E-21,,0,0.31,99999999.96,1000.000075,5.11E-21,7.4,,2.09E-09,6.74E-09,1.80E-02
0,0.315,99999999.98,1000.000046,3.10E-21,,0,0.315,99999999.98,1000.000046,3.10E-21,7.4,,3.00E-09,4.69E-08,3.87E-02
0,0.32,99999999.99,1000.000028,1.88E-21,,0,0.32,99999999.99,1000.000028,1.88E-21,7.4,,3.95E-09,3.84E-08,2.38E-02
0,0.325,99999999.99,1000.000017,1.14E-21,,0,0.325,99999999.99,1000.000017,1.14E-21,7.4,,1.54E-09,2.50E-08,2.02E-03
0,0.33,99999999.99,1000.00001,6.91E-22,,0,0.33,99999999.99,1000.00001,6.91E-22,7.4,,4.87E-09,1.59E-08,6.47E-02
0,0.335,100000000,1000.000006,4.19E-22,,0,0.335,100000000,1000.000006,4.19E-22,7.4,,3.11E-09,1.62E-08,9.23E-02
0,0.34,100000000,1000.000004,2.54E-22,,0,0.34,100000000,1000.000004,2.54E-22,7.4,,1.89E-09,2.63E-08,1.39E-01
0,0.345,100000000,1000.000002,1.54E-22,,0,0.345,100000000,1000.000002,1.54E-22,7.4,,1.14E-09,2.67E-08,1.72E-01
0,0.35,100000000,1000.000001,9.36E-23,,0,0.35,100000000,1000.000001,9.36E-23,7.4,,6.94E-10,3.75E-08,8.76E-03
0,0.355,100000000,1000.000001,5.68E-23,,0,0.355,100000000,1000.000001,5.68E-23,7.4,,4.21E-10,1.66E-08,2.13E-02
0,0.36,100000000,1000.000001,3.44E-23,,0,0.36,100000000,1000.000001,3.44E-23,7.4,,2.55E-10,4.94E-08,4.92E-02
0,0.365,100000000,1000,2.09E-23,,0,0.365,100000000,1000,2.09E-23,7.4,,1.55E-10,3.07E-08,1.33E-01
0,0.37,100000000,1000,1.27E-23,,0,0.37,100000000,1000,1.27E-23,7.4,,9.40E-11,1.86E-08,3.42E-01
0,0.375,100000000,1000,7.66E-24,,0,0.375,100000000,1000,7.66E-24,7.4,,5.70E-11,1.13E-08,7.03E-03
0,0.38,100000000,1000,4.66E-24,,0,0.38,100000000,1000,4.66E-24,7.4,,3.46E-11,6.85E-09,6.30E-02
0,0.385,100000000,1000,2.83E-24,,0,0.385,100000000,1000,2.83E-24,7.4,,2.10E-11,4.15E-09,3.78E-02
0,0.39,100000000,1000,1.72E-24,,0,0.39,100000000,1000,1.72E-24,7.4,,1.28E-11,2.52E-09,4.92E-02
0,0.395,100000000,1000,1.05E-24,,0,0.395,100000000,1000,1.05E-24,7.4,,7.79E-12,1.53E-09,4.49E-01
0,0.4,100000000,1000,6.11E-25,,0,0.4,100000000,1000,6.11E-25,7.4,,4.69E-12,9.26E-10,6.18E-02
0,0.405,100000000,1000,3.89E-25,,0,0.405,100000000,1000,3.89E-25,7.4,,2.91E-12,5.62E-10,1.08E-01
0,0.41,100000000,1000,2.22E-25,,0,0.41,100000000,1000,2.22E-25,7.4,,1.80E-12,3.40E-10,2.01E-02
0,0.415,100000000,1000,1.11E-25,,0,0.415,100000000,1000,1.11E-25,7.4,,1.10E-12,2.06E-10,2.01E-02
0,0.42,100000000,1000,5.55E-26,,0,0.42,100000000,1000,5.55E-26,7.4,,7.00E-13,1.25E-10,2.01E-02
0,0.425,100000000,1000,5.55E-26,,0,0.425,100000000,1000,5.55E-26,7.4,,4.02E-13,7.50E-11,2.01E-02
0,0.43,100000000,1000,0,,0,0.43,100000000,1000,0,7.4,,2.98E-13,4.60E-11,0.00E+00
0,0.435,100000000,1000,0,,0,0.435,100000000,1000,0,7.4,,1.94E-13,2.80E-11,0.00E+00
0,0.44,100000000,1000,0,,0,0.44,100000000,1000,0,7.4,,1.04E-13,1.70E-11,0.00E+00
0,0.445,100000000,1000,0,,0,0.445,100000000,1000,0,7.4,,1.04E-13,1.00E-11,0.00E+00
0,0.45,100000000,1000,0,,0,0.45,100000000,1000,0,7.4,,1.04E-13,6.00E-12,0.00E+00
0,0.455,100000000,1000,0,,0,0.455,100000000,1000,0,7.4,,1.04E-13,3.00E-12,0.00E+00
0,0.46,100000000,1000,0,,0,0.46,100000000,1000,0,7.4,,0.00E+00,2.00E-12,0.00E+00
0,0.465,100000000,1000,0,,0,0.465,100000000,1000,0,7.4,,1.04E-13,1.00E-12,0.00E+00
0,0.47,100000000,1000,0,,0,0.47,100000000,1000,0,7.4,,0.00E+00,0.00E+00,0.00E+00
0,0.475,100000000,1000,0,,0,0.475,100000000,1000,0,7.4,,0.00E+00,0.00E+00,0.00E+00
0,0.48,100000000,1000,0,,0,0.48,100000000,1000,0,7.4,,0.00E+00,0.00E+00,0.00E+00
0,0.485,100000000,1000,0,,0,0.485,100000000,1000,0,7.4,,0.00E+00,0.00E+00,0.00E+00
0,0.49,100000000,1000,0,,0,0.49,100000000,1000,0,7.4,,0.00E+00,0.00E+00,0.00E+00
0,0.495,100000000,1000,0,,0,0.495,100000000,1000,0,7.4,,0.00E+00,0.00E+00,0.00E+00
0,0.5,100000000,1000,0,,0,0.5,100000000,1000,0,7.4,,0.00E+00,0.00E+00,0.00E+00
11.57407,0,49890067.85,270925.0139,5.17E-09,,1002240,0,49891542.6,271487.4202,5.05E-09,7.348087228,,2.96E-03,2.08E-01,2.23E+00
11.57407,0.005,49890697.62,270917.1633,5.16E-09,,1002240,0.005,49892228.69,271479.6451,5.05E-09,7.348152715,,3.07E-03,2.08E-01,2.17E+00
11.57407,0.01,49891889.02,270904.2218,5.15E-09,,1002240,0.01,49893440.43,271466.6366,5.03E-09,7.34829684,,3.11E-03,2.08E-01,2.27E+00
11.57407,0.015,49893836.36,270882.7953,5.13E-09,,1002240,0.015,49895413.84,271445.1649,5.01E-09,7.348523753,,3.16E-03,2.08E-01,2.34E+00
11.57407,0.02,49896947.53,270847.4855,5.09E-09,,1002240,0.02,49898528.22,271409.7796,4.98E-09,7.348836065,,3.17E-03,2.08E-01,2.21E+00
11.57407,0.025,49901806.34,270789.3478,5.05E-09,,1002240,0.025,49903401.25,271351.4932,4.94E-09,7.349235005,,3.20E-03,2.08E-01,2.25E+00
11.57407,0.03,49909460.36,270693.6882,5.00E-09,,1002240,0.03,49911046.29,271255.5271,4.89E-09,7.349721367,,3.18E-03,2.08E-01,2.27E+00
11.57407,0.035,49921542.61,270536.4402,4.95E-09,,1002240,0.035,49923126.15,271097.5518,4.83E-09,7.35029579,,3.17E-03,2.07E-01,2.48E+00
11.57407,0.04,49940814.43,270278.2801,4.88E-09,,1002240,0.04,49942363.61,270837.6495,4.76E-09,7.350958848,,3.10E-03,2.07E-01,2.48E+00
11.57407,0.045,49971692.69,269855.2908,4.80E-09,,1002240,0.045,49973198.58,270409.8967,4.68E-09,7.351711057,,3.01E-03,2.06E-01,2.46E+00
11.57407,0.05,50021415.24,269164.3678,4.72E-09,,1002240,0.05,50022820.28,269707.1231,4.60E-09,7.352552844,,2.81E-03,2.02E-01,2.63E+00
11.57407,0.055,50101480.51,268042.7197,4.62E-09,,1002240,0.055,50102733.77,268556.7609,4.50E-09,7.353484459,,2.50E-03,1.92E-01,2.58E+00
11.57407,0.06,50230017.51,266238.9814,4.52E-09,,1002240,0.06,50230994.57,266681.7624,4.40E-09,7.354505827,,1.95E-03,1.66E-01,2.73E+00
11.57407,0.065,50434481.22,263378.3817,4.41E-09,,1002240,0.065,50435026.47,263647.4695,4.28E-09,7.355616296,,1.08E-03,1.02E-01,2.86E+00
11.57407,0.07,50754403.6,258930.7465,4.29E-09,,1002240,0.07,50754235.96,258794.2634,4.16E-09,7.356814228,,3.30E-04,5.27E-02,2.98E+00
11.57407,0.075,51241275.94,252195.1831,4.16E-09,,1002240,0.075,51240020.82,251175.1587,4.03E-09,7.358096395,,2.45E-03,4.04E-01,3.06E+00
11.57407,0.08,51951111.92,242312.7503,4.02E-09,,1002240,0.08,51640310.46,239557.0792,3.90E-09,7.3594571,,5.98E-01,1.14E+00,3.10E+00
11.57407,0.085,52922979.88,228298.9933,3.88E-09,,1002240,0.085,51643474.46,222604.8105,3.75E-09,7.360887077,,2.42E+00,2.49E+00,3.30E+00
11.57407,0.09,54144591.08,209096.9608,3.73E-09,,1002240,0.09,51646749.89,199394.936,3.60E-09,7.362372379,,4.61E+00,4.64E+00,3.40E+00
11.57407,0.095,55524725.79,183812.4733,3.57E-09,,1002240,0.095,51650093.32,170241.33,3.45E-09,7.363893761,,6.98E+00,7.38E+00,3.33E+00
11.57407,0.1,56907824.83,152567.8731,3.42E-09,,1002240,0.1,51653451.68,137341.0781,3.30E-09,7.365427324,,9.23E+00,9.98E+00,3.55E+00
11.57407,0.105,58136958.36,117879.8987,3.26E-09,,1002240,0.105,51656767.61,104413.3513,3.15E-09,7.366946854,,1.11E+01,1.14E+01,3.43E+00
11.57407,0.11,59118179.9,84614.16991,3.11E-09,,1002240,0.11,51659987.3,75189.40728,3.00E-09,7.3684274,,1.26E+01,1.11E+01,3.47E+00
11.57407,0.115,59836787.88,57264.76928,2.96E-09,,1002240,0.115,51663067.73,51892.57069,2.86E-09,7.369848651,,1.37E+01,9.38E+00,3.31E+00
11.57407,0.12,60330767.56,37467.04831,2.82E-09,,1002240,0.12,51665980.34,34859.40887,2.73E-09,7.37119677,,1.44E+01,6.96E+00,3.20E+00
11.57407,0.125,60655903.31,24305.1235,2.70E-09,,1002240,0.125,51668710.77,23177.40704,2.61E-09,7.372464376,,1.48E+01,4.64E+00,3.49E+00
11.57407,0.13,60864035.97,15961.80237,2.58E-09,,1002240,0.13,51671255.97,15512.63329,2.49E-09,7.373649317,,1.51E+01,2.81E+00,3.48E+00
11.57407,0.135,60995062.64,10795.69134,2.46E-09,,1002240,0.135,51673620.55,10628.78647,2.38E-09,7.374753069,,1.53E+01,1.55E+00,3.13E+00
11.57407,0.14,61076865.55,7631.376988,2.36E-09,,1002240,0.14,51675813.71,7574.728721,2.28E-09,7.375779307,,1.54E+01,7.42E-01,3.25E+00
11.57407,0.145,61127807.52,5702.784355,2.27E-09,,1002240,0.145,51677846.88,5687.260532,2.19E-09,7.376732847,,1.55E+01,2.72E-01,3.48E+00
11.57407,0.15,61159638.93,4530.084884,2.18E-09,,1002240,0.15,51679732.27,4529.243043,2.11E-09,7.377618951,,1.55E+01,1.86E-02,3.42E+00
11.57407,0.155,61179681.4,3817.835447,2.09E-09,,1002240,0.155,51681481.98,3821.941081,2.03E-09,7.378442897,,1.55E+01,1.08E-01,3.06E+00
11.57407,0.16,61192493.16,3385.503436,2.02E-09,,1002240,0.16,51683107.46,3391.111871,1.95E-09,7.379209748,,1.55E+01,1.66E-01,3.36E+00
11.57407,0.165,61200843.85,3123.165397,1.95E-09,,1002240,0.165,51684619.37,3129.124408,1.88E-09,7.379924234,,1.55E+01,1.91E-01,3.41E+00
11.57407,0.17,61206458.29,2964.008464,1.88E-09,,1002240,0.17,51686027.44,2969.971376,1.82E-09,7.380590704,,1.56E+01,2.01E-01,3.21E+00
11.57407,0.175,61210360.32,2867.460335,1.82E-09,,1002240,0.175,51687340.49,2873.348182,1.76E-09,7.381213122,,1.56E+01,2.05E-01,3.30E+00
11.57407,0.18,61213205.11,2808.895732,1.76E-09,,1002240,0.18,51688566.49,2814.709367,1.70E-09,7.381795084,,1.56E+01,2.07E-01,3.17E+00
11.57407,0.185,61215363.57,2773.372659,1.71E-09,,1002240,0.185,51689712.62,2779.130654,1.65E-09,7.382339838,,1.56E+01,2.08E-01,3.38E+00
11.57407,0.19,61217092.8,2751.82618,1.66E-09,,1002240,0.19,51690785.34,2757.546482,1.60E-09,7.382850325,,1.56E+01,2.08E-01,3.40E+00
11.57407,0.195,61218521.41,2738.757359,1.61E-09,,1002240,0.195,51691790.48,2744.453331,1.56E-09,7.383329198,,1.56E+01,2.08E-01,3.24E+00
11.57407,0.2,61219758.83,2730.830646,1.56E-09,,1002240,0.2,51692733.29,2736.511312,1.52E-09,7.38377886,,1.56E+01,2.08E-01,2.88E+00
11.57407,0.205,61220843.72,2726.022831,1.52E-09,,1002240,0.205,51693618.52,2731.694005,1.47E-09,7.384201488,,1.56E+01,2.08E-01,2.97E+00
11.57407,0.21,61221830.52,2723.106738,1.48E-09,,1002240,0.21,51694450.47,2728.772076,1.44E-09,7.384599055,,1.56E+01,2.08E-01,2.90E+00
11.57407,0.215,61222724.32,2721.338039,1.45E-09,,1002240,0.215,51695233.04,2726.999806,1.40E-09,7.384973355,,1.56E+01,2.08E-01,3.34E+00
11.57407,0.22,61223558.81,2720.265269,1.41E-09,,1002240,0.22,51695969.74,2725.924859,1.37E-09,7.385326023,,1.56E+01,2.08E-01,2.97E+00
11.57407,0.225,61224326.4,2719.614602,1.38E-09,,1002240,0.225,51696663.82,2725.272866,1.34E-09,7.385658546,,1.56E+01,2.08E-01,3.15E+00
11.57407,0.23,61225052.72,2719.219953,1.35E-09,,1002240,0.23,51697318.2,2724.877411,1.31E-09,7.385972288,,1.56E+01,2.08E-01,3.19E+00
11.57407,0.235,61225725.23,2718.980587,1.32E-09,,1002240,0.235,51697935.56,2724.637554,1.28E-09,7.386268492,,1.56E+01,2.08E-01,3.12E+00
11.57407,0.24,61226366.29,2718.835404,1.29E-09,,1002240,0.24,51698518.35,2724.492074,1.25E-09,7.3865483,,1.56E+01,2.08E-01,2.92E+00
11.57407,0.245,61226961.31,2718.747347,1.27E-09,,1002240,0.245,51699068.83,2724.403836,1.23E-09,7.386812761,,1.56E+01,2.08E-01,3.36E+00
11.57407,0.25,61227531.13,2718.693937,1.24E-09,,1002240,0.25,51699589.06,2724.350316,1.20E-09,7.387062839,,1.56E+01,2.08E-01,2.92E+00
11.57407,0.255,61228060.3,2718.661543,1.22E-09,,1002240,0.255,51700080.92,2724.317855,1.18E-09,7.387299421,,1.56E+01,2.08E-01,3.16E+00
11.57407,0.26,61228568.84,2718.641894,1.20E-09,,1002240,0.26,51700546.18,2724.298166,1.16E-09,7.387523326,,1.56E+01,2.08E-01,3.31E+00
11.57407,0.265,61229040.84,2718.629977,1.17E-09,,1002240,0.265,51700986.45,2724.286225,1.14E-09,7.38773531,,1.56E+01,2.08E-01,2.54E+00
11.57407,0.27,61229495.81,2718.622749,1.16E-09,,1002240,0.27,51701403.2,2724.278982,1.12E-09,7.387936072,,1.56E+01,2.08E-01,3.33E+00
11.57407,0.275,61229917.61,2718.618365,1.14E-09,,1002240,0.275,51701797.82,2724.274588,1.10E-09,7.38812626,,1.56E+01,2.08E-01,3.21E+00
11.57407,0.28,61230325.33,2718.615706,1.12E-09,,1002240,0.28,51702171.58,2724.271924,1.09E-09,7.388306474,,1.56E+01,2.08E-01,2.99E+00
11.57407,0.285,61230702.73,2718.614093,1.10E-09,,1002240,0.285,51702525.67,2724.270308,1.07E-09,7.388477271,,1.56E+01,2.08E-01,2.69E+00
11.57407,0.29,61231068.53,2718.613115,1.09E-09,,1002240,0.29,51702861.17,2724.269328,1.06E-09,7.388639168,,1.56E+01,2.08E-01,3.20E+00
11.57407,0.295,61231406.43,2718.612521,1.07E-09,,1002240,0.295,51703179.1,2724.268733,1.04E-09,7.388792648,,1.56E+01,2.08E-01,2.74E+00
11.57407,0.3,61231734.87,2718.612162,1.06E-09,,1002240,0.3,51703480.42,2724.268372,1.03E-09,7.388938157,,1.56E+01,2.08E-01,3.11E+00
11.57407,0.305,61232037.52,2718.611943,1.04E-09,,1002240,0.305,51703766,2724.268154,1.01E-09,7.389076113,,1.56E+01,2.08E-01,2.49E+00
11.57407,0.31,61232332.51,2718.611811,1.03E-09,,1002240,0.31,51704036.67,2724.268021,1.00E-09,7.389206907,,1.56E+01,2.08E-01,2.74E+00
11.57407,0.315,61232603.56,2718.611731,1.02E-09,,1002240,0.315,51704293.19,2724.267941,9.90E-10,7.389330902,,1.56E+01,2.08E-01,2.93E+00
11.57407,0.32,61232868.51,2718.611682,1.01E-09,,1002240,0.32,51704536.28,2724.267892,9.79E-10,7.389448438,,1.56E+01,2.08E-01,3.06E+00
11.57407,0.325,61233111.13,2718.611652,9.97E-10,,1002240,0.325,51704766.6,2724.267862,9.69E-10,7.389559832,,1.56E+01,2.08E-01,2.85E+00
11.57407,0.33,61233349.02,2718.611634,9.86E-10,,1002240,0.33,51704984.78,2724.267844,9.59E-10,7.389665382,,1.56E+01,2.08E-01,2.77E+00
11.57407,0.335,61233565.99,2718.611624,9.77E-10,,1002240,0.335,51705191.4,2724.267833,9.49E-10,7.389765368,,1.56E+01,2.08E-01,2.83E+00
11.57407,0.34,61233779.39,2718.611617,9.67E-10,,1002240,0.34,51705387.02,2724.267827,9.40E-10,7.389860049,,1.56E+01,2.08E-01,2.75E+00
11.57407,0.345,61233973.14,2718.611613,9.59E-10,,1002240,0.345,51705572.15,2724.267823,9.32E-10,7.389949671,,1.56E+01,2.08E-01,2.81E+00
11.57407,0.35,61234164.32,2718.611611,9.50E-10,,1002240,0.35,51705747.26,2724.26782,9.24E-10,7.390034463,,1.56E+01,2.08E-01,2.73E+00
11.57407,0.355,61234336.98,2718.611609,9.43E-10,,1002240,0.355,51705912.8,2724.267819,9.17E-10,7.390114641,,1.56E+01,2.08E-01,2.80E+00
11.57407,0.36,61234507.93,2718.611608,9.35E-10,,1002240,0.36,51706069.22,2724.267818,9.09E-10,7.390190409,,1.56E+01,2.08E-01,2.73E+00
11.57407,0.365,61234661.37,2718.611608,9.28E-10,,1002240,0.365,51706216.89,2724.267817,9.03E-10,7.390261955,,1.56E+01,2.08E-01,2.72E+00
11.57407,0.37,61234813.86,2718.611607,9.21E-10,,1002240,0.37,51706356.2,2724.267817,8.96E-10,7.390329461,,1.56E+01,2.08E-01,2.67E+00
11.57407,0.375,61234949.74,2718.611607,9.15E-10,,1002240,0.375,51706487.49,2724.267817,8.90E-10,7.390393094,,1.56E+01,2.08E-01,2.68E+00
11.57407,0.38,61235085.31,2718.611607,9.09E-10,,1002240,0.38,51706611.1,2724.267817,8.85E-10,7.390453012,,1.56E+01,2.08E-01,2.66E+00
11.57407,0.385,61235205.08,2718.611607,9.04E-10,,1002240,0.385,51706727.34,2724.267817,8.80E-10,7.390509366,,1.56E+01,2.08E-01,2.70E+00
11.57407,0.39,61235325.09,2718.611607,8.99E-10,,1002240,0.39,51706836.5,2724.267817,8.75E-10,7.390562296,,1.56E+01,2.08E-01,2.71E+00
11.57407,0.395,61235430.05,2718.611607,8.94E-10,,1002240,0.395,51706938.87,2724.267817,8.70E-10,7.390611934,,1.56E+01,2.08E-01,2.69E+00
11.57407,0.4,61235535.72,2718.611607,8.89E-10,,1002240,0.4,51707034.69,2724.267817,8.66E-10,7.390658406,,1.56E+01,2.08E-01,2.63E+00
11.57407,0.405,61235627.01,2718.611607,8.85E-10,,1002240,0.405,51707124.21,2724.267816,8.62E-10,7.390701829,,1.56E+01,2.08E-01,2.65E+00
11.57407,0.41,61235719.41,2718.611607,8.81E-10,,1002240,0.41,51707207.67,2724.267816,8.58E-10,7.390742315,,1.56E+01,2.08E-01,2.64E+00
11.57407,0.415,61235798.03,2718.611607,8.78E-10,,1002240,0.415,51707285.28,2724.267816,8.54E-10,7.390779967,,1.56E+01,2.08E-01,2.71E+00
11.57407,0.42,61235878.13,2718.611607,8.74E-10,,1002240,0.42,51707357.25,2724.267816,8.51E-10,7.390814886,,1.56E+01,2.08E-01,2.64E+00
11.57407,0.425,61235944.98,2718.611607,8.71E-10,,1002240,0.425,51707423.78,2724.267816,8.48E-10,7.390847164,,1.56E+01,2.08E-01,2.65E+00
11.57407,0.43,61236013.6,2718.611607,8.68E-10,,1002240,0.43,51707485.03,2724.267816,8.45E-10,7.390876889,,1.56E+01,2.08E-01,2.63E+00
11.57407,0.435,61236069.5,2718.611607,8.66E-10,,1002240,0.435,51707541.19,2724.267816,8.43E-10,7.390904144,,1.56E+01,2.08E-01,2.70E+00
11.57407,0.44,61236127.39,2718.611607,8.63E-10,,1002240,0.44,51707592.42,2724.267816,8.40E-10,7.390929007,,1.56E+01,2.08E-01,2.63E+00
11.57407,0.445,61236173.02,2718.611607,8.61E-10,,1002240,0.445,51707638.87,2724.267817,8.38E-10,7.390951552,,1.56E+01,2.08E-01,2.65E+00
11.57407,0.45,61236220.85,2718.611607,8.59E-10,,1002240,0.45,51707680.69,2724.267816,8.36E-10,7.390971848,,1.56E+01,2.08E-01,2.65E+00
11.57407,0.455,61236256.85,2718.611607,8.57E-10,,1002240,0.455,51707718,2724.267816,8.35E-10,7.390989962,,1.56E+01,2.08E-01,2.62E+00
11.57407,0.46,61236295.2,2718.611607,8.56E-10,,1002240,0.46,51707750.95,2724.267816,8.33E-10,7.391005954,,1.56E+01,2.08E-01,2.68E+00
11.57407,0.465,61236322.12,2718.611607,8.54E-10,,1002240,0.465,51707779.64,2724.267816,8.32E-10,7.391019883,,1.56E+01,2.08E-01,2.60E+00
11.57407,0.47,61236351.51,2718.611607,8.53E-10,,1002240,0.47,51707804.2,2724.267816,8.31E-10,7.391031804,,1.56E+01,2.08E-01,2.62E+00
11.57407,0.475,61236369.85,2718.611607,8.52E-10,,1002240,0.475,51707824.72,2724.267816,8.30E-10,7.391041769,,1.56E+01,2.08E-01,2.62E+00
11.57407,0.48,61236390.73,2718.611607,8.51E-10,,1002240,0.48,51707841.32,2724.267816,8.29E-10,7.391049825,,1.56E+01,2.08E-01,2.59E+00
11.57407,0.485,61236400.92,2718.611607,8.51E-10,,1002240,0.485,51707854.08,2724.267816,8.28E-10,7.391056019,,1.56E+01,2.08E-01,2.66E+00
11.57407,0.49,61236413.7,2718.611607,8.50E-10,,1002240,0.49,51707863.09,2724.267816,8.28E-10,7.391060393,,1.56E+01,2.08E-01,2.59E+00
11.57407,0.495,61236416.11,2718.611607,8.50E-10,,1002240,0.495,51707868.43,2724.267816,8.28E-10,7.391062988,,1.56E+01,2.08E-01,2.62E+00
11.57407,0.5,61236421.14,2718.611607,8.50E-10,,1002240,0.5,51707870.19,2724.267816,8.28E-10,7.391063841,,1.56E+01,2.08E-01,2.63E+00
23.14815,0,49657123.63,729975.0874,1.40E-08,,2004480,0,49664242.99,732766.2006,1.37E-08,7.271764618,,1.43E-02,3.82E-01,2.32E+00
23.14815,0.005,49657592.9,729954.3004,1.40E-08,,2004480,0.005,49664889.22,732746.4856,1.37E-08,7.271912866,,1.47E-02,3.83E-01,2.45E+00
23.14815,0.01,49658836.97,729920.0478,1.40E-08,,2004480,0.01,49666201.85,732711.5797,1.36E-08,7.272239233,,1.48E-02,3.82E-01,2.74E+00
23.14815,0.015,49660834.97,729862.2153,1.39E-08,,2004480,0.015,49668291.97,732653.5788,1.36E-08,7.272753349,,1.50E-02,3.82E-01,2.50E+00
23.14815,0.02,49663829.42,729766.82,1.38E-08,,2004480,0.02,49671313.68,732557.928,1.35E-08,7.273461511,,1.51E-02,3.82E-01,2.42E+00
23.14815,0.025,49667942.89,729609.8381,1.37E-08,,2004480,0.025,49675499.8,732400.4629,1.34E-08,7.274367039,,1.52E-02,3.82E-01,2.52E+00
23.14815,0.03,49673652.46,729351.8526,1.36E-08,,2004480,0.03,49681225.23,732141.4586,1.32E-08,7.275472432,,1.52E-02,3.82E-01,2.79E+00
23.14815,0.035,49681465.79,728928.4877,1.34E-08,,2004480,0.035,49689101.36,731715.7522,1.31E-08,7.276780004,,1.54E-02,3.82E-01,2.53E+00
23.14815,0.04,49692486.68,728235.0679,1.32E-08,,2004480,0.04,49700126.25,731016.688,1.29E-08,7.278292087,,1.54E-02,3.82E-01,2.45E+00
23.14815,0.045,49708239.68,727102.9354,1.30E-08,,2004480,0.045,49715923.4,729869.9713,1.27E-08,7.28001107,,1.55E-02,3.81E-01,2.55E+00
23.14815,0.05,49731455.81,725263.9153,1.28E-08,,2004480,0.05,49739113.49,727992.1261,1.24E-08,7.281939321,,1.54E-02,3.76E-01,2.84E+00
23.14815,0.055,49766218.87,722294.3926,1.25E-08,,2004480,0.055,49773871.38,724922.9559,1.22E-08,7.284079007,,1.54E-02,3.64E-01,2.56E+00
23.14815,0.06,49819150.95,717545.0976,1.23E-08,,2004480,0.06,49826701.08,719925.914,1.19E-08,7.286431751,,1.52E-02,3.32E-01,3.26E+00
23.14815,0.065,49899928.17,710071.964,1.20E-08,,2004480,0.065,49907361.95,711820.6674,1.16E-08,7.288998049,,1.49E-02,2.46E-01,3.38E+00
23.14815,0.07,50022397.38,698548.4838,1.16E-08,,2004480,0.07,50029589.22,698819.7545,1.13E-08,7.291776314,,1.44E-02,3.88E-02,2.88E+00
23.14815,0.075,50203685.99,681254.2975,1.13E-08,,2004480,0.075,50210638.79,678413.5397,1.09E-08,7.294761404,,1.38E-02,4.17E-01,3.40E+00
23.14815,0.08,50461106.87,656124.2865,1.09E-08,,2004480,0.08,50360061.2,647292.9663,1.05E-08,7.297942532,,2.00E-01,1.35E+00,3.25E+00
23.14815,0.085,50803473.03,620676.3138,1.05E-08,,2004480,0.085,50369619.77,601835.6621,1.02E-08,7.301300543,,8.54E-01,3.04E+00,3.26E+00
23.14815,0.09,51220002.95,571907.6079,1.01E-08,,2004480,0.09,50379517.12,539514.0021,9.76E-09,7.304805036,,1.64E+00,5.66E+00,3.40E+00
23.14815,0.095,51673807.15,506593.8807,9.71E-09,,2004480,0.095,50389622.47,461091.8537,9.35E-09,7.308412561,,2.49E+00,8.98E+00,3.74E+00
23.14815,0.1,52112053.11,423612.6326,9.29E-09,,2004480,0.1,50399775.82,372402.913,8.93E-09,7.312067696,,3.29E+00,1.21E+01,3.83E+00
23.14815,0.105,52488316.1,328768.5936,8.87E-09,,2004480,0.105,50409803.86,283439.1098,8.53E-09,7.315708258,,3.96E+00,1.38E+01,3.86E+00
23.14815,0.11,52780460.3,235948.7536,8.45E-09,,2004480,0.11,50419543.7,204313.353,8.13E-09,7.319273719,,4.47E+00,1.34E+01,3.76E+00
23.14815,0.115,52990503.88,159033.6936,8.05E-09,,2004480,0.115,50428864.68,141121.5829,7.75E-09,7.322713505,,4.83E+00,1.13E+01,3.67E+00
23.14815,0.12,53134093.56,103465.6137,7.68E-09,,2004480,0.12,50437679.89,94855.60626,7.40E-09,7.32599186,,5.07E+00,8.32E+00,3.69E+00
23.14815,0.125,53229437.86,66770.69444,7.33E-09,,2004480,0.125,50445945.32,63093.21025,7.06E-09,7.329088294,,5.23E+00,5.51E+00,3.67E+00
23.14815,0.13,53292176.4,43679.16017,7.00E-09,,2004480,0.13,50453651.2,42239.42775,6.75E-09,7.331994994,,5.33E+00,3.30E+00,3.59E+00
23.14815,0.135,53333580.4,29465.1409,6.69E-09,,2004480,0.135,50460811.2,28946.04922,6.46E-09,7.334713174,,5.39E+00,1.76E+00,3.47E+00
23.14815,0.14,53361443.9,20794.92281,6.41E-09,,2004480,0.14,50467452.86,20630.91195,6.19E-09,7.33724971,,5.42E+00,7.89E-01,3.46E+00
23.14815,0.145,53380655.62,15524.99649,6.15E-09,,2004480,0.145,50473610.61,15491.1168,5.94E-09,7.339614591,,5.45E+00,2.18E-01,3.44E+00
23.14815,0.15,53394468.84,12326.13407,5.91E-09,,2004480,0.15,50479321.27,12337.36949,5.71E-09,7.341819194,,5.46E+00,9.12E-02,3.43E+00
23.14815,0.155,53404758.38,10385.392,5.68E-09,,2004480,0.155,50484621.33,10410.97792,5.49E-09,7.343875212,,5.47E+00,2.46E-01,3.31E+00
23.14815,0.16,53412844.91,9208.169698,5.47E-09,,2004480,0.16,50489545.46,9237.535213,5.29E-09,7.34579404,,5.47E+00,3.19E-01,3.25E+00
23.14815,0.165,53419393.97,8494.135615,5.28E-09,,2004480,0.165,50494125.82,8523.947053,5.11E-09,7.347586448,,5.48E+00,3.51E-01,3.28E+00
23.14815,0.17,53424973.34,8061.055323,5.10E-09,,2004480,0.17,50498391.83,8090.447805,4.93E-09,7.349262432,,5.48E+00,3.65E-01,3.26E+00
23.14815,0.175,53429787.45,7798.383089,4.93E-09,,2004480,0.175,50502370.18,7827.264308,4.77E-09,7.350831172,,5.48E+00,3.70E-01,3.20E+00
23.14815,0.18,53434117.37,7639.067275,4.77E-09,,2004480,0.18,50506084.98,7667.542296,4.62E-09,7.352301047,,5.48E+00,3.73E-01,3.11E+00
23.14815,0.185,53437994.2,7542.439137,4.62E-09,,2004480,0.185,50509557.93,7570.631706,4.48E-09,7.353679683,,5.48E+00,3.74E-01,3.01E+00
23.14815,0.19,53441588.93,7483.832243,4.48E-09,,2004480,0.19,50512808.61,7511.83984,4.35E-09,7.354974003,,5.48E+00,3.74E-01,2.92E+00
23.14815,0.195,53444867.53,7448.285953,4.36E-09,,2004480,0.195,50515854.63,7476.176127,4.23E-09,7.356190299,,5.48E+00,3.74E-01,3.09E+00
23.14815,0.2,53447957.08,7426.72637,4.23E-09,,2004480,0.2,50518711.9,7454.543283,4.11E-09,7.357334287,,5.48E+00,3.75E-01,2.85E+00
23.14815,0.205,53450798.93,7413.650007,4.12E-09,,2004480,0.205,50521394.78,7441.421671,4.00E-09,7.358411167,,5.48E+00,3.75E-01,2.89E+00
23.14815,0.21,53453501.12,7405.718897,4.01E-09,,2004480,0.21,50523916.28,7433.462779,3.90E-09,7.359425676,,5.48E+00,3.75E-01,2.78E+00
23.14815,0.215,53455995.76,7400.908494,3.91E-09,,2004480,0.215,50526288.18,7428.635383,3.80E-09,7.360382133,,5.48E+00,3.75E-01,2.75E+00
23.14815,0.22,53458381.36,7397.99087,3.82E-09,,2004480,0.22,50528521.19,7425.707387,3.71E-09,7.361284487,,5.48E+00,3.75E-01,2.83E+00
23.14815,0.225,53460586.71,7396.221261,3.73E-09,,2004480,0.225,50530625.05,7423.931457,3.63E-09,7.362136348,,5.48E+00,3.75E-01,2.77E+00
23.14815,0.23,53462704.54,7395.147948,3.64E-09,,2004480,0.23,50532608.64,7422.854296,3.55E-09,7.362941028,,5.48E+00,3.75E-01,2.58E+00
23.14815,0.235,53464662.75,7394.496958,3.56E-09,,2004480,0.235,50534480.1,7422.200964,3.47E-09,7.363701565,,5.48E+00,3.75E-01,2.52E+00
23.14815,0.24,53466549.86,7394.102115,3.49E-09,,2004480,0.24,50536246.83,7421.804697,3.40E-09,7.364420752,,5.48E+00,3.75E-01,2.61E+00
23.14815,0.245,53468293.96,7393.862633,3.42E-09,,2004480,0.245,50537915.64,7421.564349,3.33E-09,7.365101163,,5.48E+00,3.75E-01,2.60E+00
23.14815,0.25,53469980.11,7393.717381,3.35E-09,,2004480,0.25,50539492.79,7421.41857,3.27E-09,7.365745168,,5.48E+00,3.75E-01,2.47E+00
23.14815,0.255,53471537.08,7393.629281,3.29E-09,,2004480,0.255,50540984.02,7421.330151,3.21E-09,7.366354957,,5.48E+00,3.75E-01,2.53E+00
23.14815,0.26,53473046.88,7393.575847,3.23E-09,,2004480,0.26,50542394.62,7421.276522,3.15E-09,7.366932555,,5.48E+00,3.75E-01,2.49E+00
23.14815,0.265,53474439.25,7393.543437,3.17E-09,,2004480,0.265,50543729.47,7421.243994,3.10E-09,7.367479835,,5.48E+00,3.75E-01,2.35E+00
23.14815,0.27,53475793.43,7393.52378,3.12E-09,,2004480,0.27,50544993.08,7421.224265,3.04E-09,7.367998534,,5.48E+00,3.75E-01,2.43E+00
23.14815,0.275,53477040.3,7393.511857,3.07E-09,,2004480,0.275,50546189.61,7421.212299,3.00E-09,7.368490263,,5.48E+00,3.75E-01,2.42E+00
23.14815,0.28,53478256.49,7393.504626,3.02E-09,,2004480,0.28,50547322.92,7421.205041,2.95E-09,7.36895652,,5.48E+00,3.75E-01,2.32E+00
23.14815,0.285,53479374.14,7393.50024,2.97E-09,,2004480,0.285,50548396.59,7421.200639,2.91E-09,7.369398697,,5.48E+00,3.75E-01,2.14E+00
23.14815,0.29,53480467.46,7393.497579,2.93E-09,,2004480,0.29,50549413.94,7421.197969,2.87E-09,7.369818089,,5.48E+00,3.75E-01,2.21E+00
23.14815,0.295,53481469.91,7393.495966,2.89E-09,,2004480,0.295,50550378.05,7421.19635,2.83E-09,7.370215903,,5.48E+00,3.75E-01,2.21E+00
23.14815,0.3,53482453.37,7393.494987,2.85E-09,,2004480,0.3,50551291.79,7421.195367,2.79E-09,7.370593267,,5.48E+00,3.75E-01,2.14E+00
23.14815,0.305,53483352.73,7393.494394,2.81E-09,,2004480,0.305,50552157.83,7421.194772,2.75E-09,7.37095123,,5.48E+00,3.75E-01,2.00E+00
23.14815,0.31,53484237.61,7393.494034,2.78E-09,,2004480,0.31,50552978.66,7421.19441,2.72E-09,7.371290776,,5.48E+00,3.75E-01,2.14E+00
23.14815,0.315,53485044.36,7393.493815,2.75E-09,,2004480,0.315,50553756.6,7421.194191,2.69E-09,7.371612822,,5.48E+00,3.75E-01,2.21E+00
23.14815,0.32,53485840.47,7393.493683,2.71E-09,,2004480,0.32,50554493.82,7421.194058,2.66E-09,7.371918227,,5.48E+00,3.75E-01,1.87E+00
23.14815,0.325,53486563.75,7393.493603,2.68E-09,,2004480,0.325,50555192.34,7421.193978,2.63E-09,7.372207797,,5.48E+00,3.75E-01,1.83E+00
23.14815,0.33,53487279.65,7393.493554,2.66E-09,,2004480,0.33,50555854.05,7421.193929,2.60E-09,7.372482286,,5.48E+00,3.75E-01,2.10E+00
23.14815,0.335,53487927.44,7393.493524,2.63E-09,,2004480,0.335,50556480.73,7421.193899,2.58E-09,7.3727424,,5.48E+00,3.75E-01,1.95E+00
23.14815,0.34,53488570.62,7393.493506,2.60E-09,,2004480,0.34,50557074.03,7421.193881,2.55E-09,7.372988804,,5.48E+00,3.75E-01,1.74E+00
23.14815,0.345,53489149.92,7393.493496,2.58E-09,,2004480,0.345,50557635.52,7421.19387,2.53E-09,7.373222121,,5.48E+00,3.75E-01,1.86E+00
23.14815,0.35,53489726.94,7393.493489,2.56E-09,,2004480,0.35,50558166.65,7421.193864,2.51E-09,7.373442936,,5.48E+00,3.75E-01,1.94E+00
23.14815,0.355,53490243.9,7393.493485,2.54E-09,,2004480,0.355,50558668.78,7421.193859,2.49E-09,7.3736518,,5.48E+00,3.75E-01,1.97E+00
23.14815,0.36,53490760.56,7393.493482,2.52E-09,,2004480,0.36,50559143.2,7421.193857,2.47E-09,7.37384923,,5.48E+00,3.75E-01,1.95E+00
23.14815,0.365,53491220.59,7393.493481,2.50E-09,,2004480,0.365,50559591.13,7421.193856,2.45E-09,7.374035713,,5.48E+00,3.75E-01,1.89E+00
23.14815,0.37,53491682,7393.49348,2.48E-09,,2004480,0.37,50560013.68,7421.193855,2.44E-09,7.374211708,,5.48E+00,3.75E-01,1.79E+00
23.14815,0.375,53492089.88,7393.49348,2.46E-09,,2004480,0.375,50560411.94,7421.193854,2.42E-09,7.374377646,,5.48E+00,3.75E-01,1.65E+00
23.14815,0.38,53492500.55,7393.493479,2.45E-09,,2004480,0.38,50560786.9,7421.193854,2.40E-09,7.374533934,,5.48E+00,3.75E-01,1.87E+00
23.14815,0.385,53492860.51,7393.493479,2.43E-09,,2004480,0.385,50561139.5,7421.193854,2.39E-09,7.374680956,,5.48E+00,3.75E-01,1.65E+00
23.14815,0.39,53493224.44,7393.493479,2.42E-09,,2004480,0.39,50561470.64,7421.193853,2.38E-09,7.374819073,,5.48E+00,3.75E-01,1.80E+00
23.14815,0.395,53493540.23,7393.493479,2.40E-09,,2004480,0.395,50561781.16,7421.193853,2.36E-09,7.374948626,,5.48E+00,3.75E-01,1.50E+00
23.14815,0.4,53493860.96,7393.493479,2.39E-09,,2004480,0.4,50562071.83,7421.193853,2.35E-09,7.375069936,,5.48E+00,3.75E-01,1.58E+00
23.14815,0.405,53494135.9,7393.493479,2.38E-09,,2004480,0.405,50562343.41,7421.193853,2.34E-09,7.375183307,,5.48E+00,3.75E-01,1.63E+00
23.14815,0.41,53494416.59,7393.493479,2.37E-09,,2004480,0.41,50562596.59,7421.193853,2.33E-09,7.375289025,,5.48E+00,3.75E-01,1.65E+00
23.14815,0.415,53494653.62,7393.493479,2.36E-09,,2004480,0.415,50562832.04,7421.193853,2.32E-09,7.37538736,,5.48E+00,3.75E-01,1.64E+00
23.14815,0.42,53494897.07,7393.493479,2.35E-09,,2004480,0.42,50563050.37,7421.193853,2.31E-09,7.375478567,,5.48E+00,3.75E-01,1.60E+00
23.14815,0.425,53495098.81,7393.493479,2.34E-09,,2004480,0.425,50563252.17,7421.193853,2.30E-09,7.375562887,,5.48E+00,3.75E-01,1.53E+00
23.14815,0.43,53495307.51,7393.493479,2.33E-09,,2004480,0.43,50563438,7421.193853,2.30E-09,7.375640546,,5.48E+00,3.75E-01,1.43E+00
23.14815,0.435,53495476.29,7393.493479,2.33E-09,,2004480,0.435,50563608.38,7421.193853,2.29E-09,7.37571176,,5.48E+00,3.75E-01,1.72E+00
23.14815,0.44,53495652.47,7393.493479,2.32E-09,,2004480,0.44,50563763.79,7421.193853,2.28E-09,7.37577673,,5.48E+00,3.75E-01,1.57E+00
23.14815,0.445,53495790.35,7393.493479,2.31E-09,,2004480,0.445,50563904.71,7421.193853,2.28E-09,7.375835648,,5.48E+00,3.75E-01,1.39E+00
23.14815,0.45,53495935.97,7393.493479,2.31E-09,,2004480,0.45,50564031.57,7421.193853,2.27E-09,7.375888695,,5.48E+00,3.75E-01,1.61E+00
23.14815,0.455,53496044.79,7393.493479,2.30E-09,,2004480,0.455,50564144.78,7421.193853,2.27E-09,7.375936039,,5.48E+00,3.75E-01,1.39E+00
23.14815,0.46,53496161.61,7393.493479,2.30E-09,,2004480,0.46,50564244.73,7421.193853,2.26E-09,7.375977841,,5.48E+00,3.75E-01,1.56E+00
23.14815,0.465,53496243,7393.493479,2.30E-09,,2004480,0.465,50564331.78,7421.193853,2.26E-09,7.376014253,,5.48E+00,3.75E-01,1.71E+00
23.14815,0.47,53496332.57,7393.493479,2.29E-09,,2004480,0.47,50564406.28,7421.193853,2.26E-09,7.376045417,,5.48E+00,3.75E-01,1.42E+00
23.14815,0.475,53496387.97,7393.493479,2.29E-09,,2004480,0.475,50564468.55,7421.193853,2.26E-09,7.376071467,,5.48E+00,3.75E-01,1.53E+00
23.14815,0.48,53496451.68,7393.493479,2.29E-09,,2004480,0.48,50564518.89,7421.193853,2.25E-09,7.376092529,,5.48E+00,3.75E-01,1.62E+00
23.14815,0.485,53496482.37,7393.493479,2.29E-09,,2004480,0.485,50564557.6,7421.193853,2.25E-09,7.376108723,,5.48E+00,3.75E-01,1.68E+00
23.14815,0.49,53496521.44,7393.493479,2.29E-09,,2004480,0.49,50564584.93,7421.193853,2.25E-09,7.37612016,,5.48E+00,3.75E-01,1.73E+00
23.14815,0.495,53496528.53,7393.493479,2.28E-09,,2004480,0.495,50564601.15,7421.193853,2.25E-09,7.376126944,,5.48E+00,3.75E-01,1.33E+00
23.14815,0.5,53496544.05,7393.493479,2.28E-09,,2004480,0.5,50564606.48,7421.193853,2.25E-09,7.376129175,,5.48E+00,3.75E-01,1.34E+00
34.72222,0,49063653.79,1936750.137,3.75E-08,,3006720,0,49084971.12,1947095.461,3.66E-08,7.117085592,,4.34E-02,5.34E-01,2.51E+00
34.72222,0.005,49064454.16,1936697.401,3.74E-08,,3006720,0.005,49086254.05,1947049.382,3.65E-08,7.117361351,,4.44E-02,5.35E-01,2.38E+00
34.72222,0.01,49067046.04,1936610.333,3.73E-08,,3006720,0.01,49089036.84,1946957.966,3.64E-08,7.117968718,,4.48E-02,5.34E-01,2.41E+00
34.72222,0.015,49071172.01,1936455.582,3.72E-08,,3006720,0.015,49093425.38,1946803.149,3.62E-08,7.118926282,,4.53E-02,5.34E-01,2.59E+00
34.72222,0.02,49077172.46,1936199.795,3.69E-08,,3006720,0.02,49099516.03,1946547.213,3.60E-08,7.120246871,,4.55E-02,5.34E-01,2.43E+00
34.72222,0.025,49084844.11,1935779.011,3.67E-08,,3006720,0.025,49107411.22,1946126.153,3.57E-08,7.121938228,,4.60E-02,5.35E-01,2.70E+00
34.72222,0.03,49094613.26,1935088.692,3.63E-08,,3006720,0.03,49117257.78,1945434.568,3.54E-08,7.124007055,,4.61E-02,5.35E-01,2.62E+00
34.72222,0.035,49106419.31,1933958.302,3.59E-08,,3006720,0.035,49129286.05,1944299.837,3.49E-08,7.12646022,,4.66E-02,5.35E-01,2.71E+00
34.72222,0.04,49120916.94,1932111.722,3.54E-08,,3006720,0.04,49143866.23,1942440.06,3.44E-08,7.129305175,,4.67E-02,5.35E-01,2.71E+00
34.72222,0.045,49138418.56,1929106.105,3.49E-08,,3006720,0.045,49161595.88,1939396.464,3.39E-08,7.132550064,,4.72E-02,5.33E-01,2.90E+00
34.72222,0.05,49160170.15,1924242.036,3.42E-08,,3006720,0.05,49183434.91,1934425.905,3.33E-08,7.13620363,,4.73E-02,5.29E-01,2.72E+00
34.72222,0.055,49187415.28,1916427.856,3.36E-08,,3006720,0.055,49210906.41,1926333.277,3.26E-08,7.140274928,,4.78E-02,5.17E-01,3.01E+00
34.72222,0.06,49222803.94,1904013.238,3.28E-08,,3006720,0.06,49246372.98,1913218.504,3.18E-08,7.14477273,,4.79E-02,4.83E-01,2.92E+00
34.72222,0.065,49269585.46,1884631.133,3.20E-08,,3006720,0.065,49293358.92,1892104.471,3.10E-08,7.149704484,,4.83E-02,3.97E-01,3.02E+00
34.72222,0.07,49332954.53,1855014.788,3.12E-08,,3006720,0.07,49356778.35,1858500.633,3.02E-08,7.155074548,,4.83E-02,1.88E-01,3.33E+00
34.72222,0.075,49418688.43,1810849.304,3.02E-08,,3006720,0.075,49442702.5,1805711.01,2.92E-08,7.160881379,,4.86E-02,2.84E-01,3.20E+00
34.72222,0.08,49532888.06,1746931.026,2.93E-08,,3006720,0.08,49518114.55,1724348.68,2.82E-08,7.167113163,,2.98E-02,1.29E+00,3.59E+00
34.72222,0.085,49677806.7,1656799.737,2.82E-08,,3006720,0.085,49543929.05,1605232.247,2.72E-08,7.173741804,,2.69E-01,3.11E+00,3.48E+00
34.72222,0.09,49848951.97,1531996.984,2.72E-08,,3006720,0.09,49570673.26,1442149.483,2.61E-08,7.180716685,,5.58E-01,5.86E+00,3.86E+00
34.72222,0.095,50032285.42,1363261.727,2.61E-08,,3006720,0.095,49597997.55,1236049.873,2.51E-08,7.187960107,,8.68E-01,9.33E+00,3.99E+00
34.72222,0.1,50209336.26,1145645.906,2.49E-08,,3006720,0.1,49625472.3,1001740.105,2.40E-08,7.195367548,,1.16E+00,1.26E+01,3.77E+00
34.72222,0.105,50364097.08,893065.9501,2.38E-08,,3006720,0.105,49652629.72,765160.1203,2.29E-08,7.202816438,,1.41E+00,1.43E+01,3.88E+00
34.72222,0.11,50489500.17,642790.9437,2.27E-08,,3006720,0.11,49679027.3,553321.0191,2.18E-08,7.210182274,,1.61E+00,1.39E+01,3.86E+00
34.72222,0.115,50585893.29,433764.6086,2.16E-08,,3006720,0.115,49704307.68,383134.7863,2.08E-08,7.217356011,,1.74E+00,1.17E+01,3.64E+00
34.72222,0.12,50658453.2,282201.5862,2.06E-08,,3006720,0.12,49728230.82,257964.2637,1.99E-08,7.224255634,,1.84E+00,8.59E+00,3.60E+00
34.72222,0.125,50712833.58,182026.6234,1.97E-08,,3006720,0.125,49750673.09,171762.9075,1.90E-08,7.230829045,,1.90E+00,5.64E+00,3.75E+00
34.72222,0.13,50754479.17,119009.6757,1.88E-08,,3006720,0.13,49771604.46,115054.7162,1.81E-08,7.237050268,,1.94E+00,3.32E+00,3.59E+00
34.72222,0.135,50787068.67,80244.57018,1.80E-08,,3006720,0.135,49791059.31,78863.59048,1.73E-08,7.242912832,,1.96E+00,1.72E+00,3.62E+00
34.72222,0.14,50813620.67,56612.57975,1.72E-08,,3006720,0.14,49809110.44,56211.33729,1.66E-08,7.248423195,,1.98E+00,7.09E-01,3.33E+00
34.72222,0.145,50835741.83,42254.95545,1.65E-08,,3006720,0.145,49825850.01,42205.10084,1.60E-08,7.253595525,,1.99E+00,1.18E-01,3.27E+00
34.72222,0.15,50854908.01,33542.59486,1.59E-08,,3006720,0.15,49841377.04,33609.96083,1.53E-08,7.25844803,,1.99E+00,2.01E-01,3.52E+00
34.72222,0.155,50871674.67,28258.01604,1.53E-08,,3006720,0.155,49855789.93,28359.78073,1.48E-08,7.263000588,,2.00E+00,3.60E-01,3.50E+00
34.72222,0.16,50886818.17,25052.99809,1.47E-08,,3006720,0.16,49869182.38,25161.84163,1.42E-08,7.2672733,,2.00E+00,4.34E-01,3.19E+00
34.72222,0.165,50900451.24,23109.25606,1.42E-08,,3006720,0.165,49881641.4,23217.27599,1.37E-08,7.271285664,,2.00E+00,4.67E-01,3.28E+00
34.72222,0.17,50913060.09,21930.43528,1.37E-08,,3006720,0.17,49893246.67,22036.07057,1.33E-08,7.275056144,,2.00E+00,4.82E-01,3.13E+00
34.72222,0.175,50924580.16,21215.50865,1.33E-08,,3006720,0.175,49904070.5,21319.0074,1.28E-08,7.278601973,,2.00E+00,4.88E-01,3.46E+00
34.72222,0.18,50935375.9,20781.91827,1.28E-08,,3006720,0.18,49914178.22,20883.8694,1.24E-08,7.281939099,,2.00E+00,4.91E-01,2.84E+00
34.72222,0.185,50945311.38,20518.95085,1.24E-08,,3006720,0.185,49923628.73,20619.87188,1.21E-08,7.285082206,,2.01E+00,4.92E-01,2.75E+00
34.72222,0.19,50954695.51,20359.46306,1.21E-08,,3006720,0.19,49932475.1,20459.72608,1.17E-08,7.288044782,,2.01E+00,4.92E-01,3.25E+00
34.72222,0.195,50963362.74,20262.73426,1.17E-08,,3006720,0.195,49940765.15,20362.58611,1.14E-08,7.290839199,,2.01E+00,4.93E-01,2.77E+00
34.72222,0.2,50971592.77,20204.06828,1.14E-08,,3006720,0.2,49948542.05,20303.66628,1.11E-08,7.293476808,,2.01E+00,4.93E-01,2.93E+00
34.72222,0.205,50979207.26,20168.48722,1.11E-08,,3006720,0.205,49955844.78,20267.92957,1.08E-08,7.295968023,,2.01E+00,4.93E-01,2.92E+00
34.72222,0.21,50986467.66,20146.90713,1.08E-08,,3006720,0.21,49962708.66,20246.25441,1.05E-08,7.298322406,,2.01E+00,4.93E-01,2.76E+00
34.72222,0.215,50993190.18,20133.81866,1.05E-08,,3006720,0.215,49969165.69,20233.10798,1.02E-08,7.300548753,,2.01E+00,4.93E-01,2.43E+00
34.72222,0.22,50999622.9,20125.88039,1.03E-08,,3006720,0.22,49975244.95,20225.13441,1.00E-08,7.302655155,,2.01E+00,4.93E-01,2.89E+00
34.72222,0.225,51005580.08,20121.06575,1.00E-08,,3006720,0.225,49980972.91,20220.29829,9.77E-09,7.304649073,,2.01E+00,4.93E-01,2.26E+00
34.72222,0.23,51011299,20118.14561,9.82E-09,,3006720,0.23,49986373.72,20217.36507,9.56E-09,7.306537389,,2.01E+00,4.93E-01,2.66E+00
34.72222,0.235,51016593.83,20116.37451,9.61E-09,,3006720,0.235,49991469.42,20215.58602,9.36E-09,7.308326464,,2.01E+00,4.93E-01,2.64E+00
34.72222,0.24,51021692.5,20115.30031,9.41E-09,,3006720,0.24,49996280.19,20214.50697,9.16E-09,7.310022182,,2.01E+00,4.93E-01,2.61E+00
34.72222,0.245,51026410.25,20114.64879,9.22E-09,,3006720,0.245,50000824.53,20213.85251,8.98E-09,7.311629993,,2.01E+00,4.93E-01,2.56E+00
34.72222,0.25,51030966.68,20114.25363,9.04E-09,,3006720,0.25,50005119.42,20213.45556,8.81E-09,7.31315495,,2.01E+00,4.93E-01,2.51E+00
34.72222,0.255,51035178.87,20114.01397,8.87E-09,,3006720,0.255,50009180.49,20213.2148,8.65E-09,7.314601747,,2.01E+00,4.93E-01,2.47E+00
34.72222,0.26,51039258.75,20113.8686,8.71E-09,,3006720,0.26,50013022.12,20213.06877,8.50E-09,7.315974746,,2.01E+00,4.93E-01,2.43E+00
34.72222,0.265,51043025.81,20113.78044,8.56E-09,,3006720,0.265,50016657.57,20212.98019,8.35E-09,7.317278004,,2.01E+00,4.93E-01,2.42E+00
34.72222,0.27,51046684.9,20113.72696,8.41E-09,,3006720,0.27,50020099.11,20212.92647,8.22E-09,7.318515301,,2.01E+00,4.93E-01,2.30E+00
34.72222,0.275,51050058.29,20113.69453,8.28E-09,,3006720,0.275,50023358.06,20212.89389,8.09E-09,7.319690161,,2.01E+00,4.93E-01,2.34E+00
34.72222,0.28,51053344.18,20113.67486,8.15E-09,,3006720,0.28,50026444.91,20212.87413,7.96E-09,7.320805874,,2.01E+00,4.93E-01,2.29E+00
34.72222,0.285,51056367.93,20113.66293,8.02E-09,,3006720,0.285,50029369.4,20212.86214,7.85E-09,7.321865509,,2.01E+00,4.93E-01,2.16E+00
34.72222,0.29,51059321.48,20113.65569,7.91E-09,,3006720,0.29,50032140.55,20212.85487,7.74E-09,7.322871939,,2.01E+00,4.93E-01,2.19E+00
34.72222,0.295,51062033.5,20113.6513,7.80E-09,,3006720,0.295,50034766.75,20212.85046,7.63E-09,7.323827849,,2.01E+00,4.93E-01,2.15E+00
34.72222,0.3,51064689.95,20113.64864,7.69E-09,,3006720,0.3,50037255.8,20212.84778,7.53E-09,7.324735755,,2.01E+00,4.93E-01,2.04E+00
34.72222,0.305,51067122.97,20113.64702,7.60E-09,,3006720,0.305,50039614.97,20212.84616,7.44E-09,7.325598014,,2.01E+00,4.93E-01,2.11E+00
34.72222,0.31,51069512.84,20113.64604,7.50E-09,,3006720,0.31,50041851.03,20212.84518,7.35E-09,7.326416835,,2.01E+00,4.93E-01,2.00E+00
34.72222,0.315,51071695.28,20113.64545,7.41E-09,,3006720,0.315,50043970.29,20212.84458,7.27E-09,7.327194293,,2.01E+00,4.93E-01,1.94E+00
34.72222,0.32,51073845.1,20113.64509,7.33E-09,,3006720,0.32,50045978.65,20212.84422,7.19E-09,7.327932333,,2.01E+00,4.93E-01,1.96E+00
34.72222,0.325,51075801.7,20113.64487,7.25E-09,,3006720,0.325,50047881.63,20212.844,7.11E-09,7.328632786,,2.01E+00,4.93E-01,1.93E+00
34.72222,0.33,51077734.64,20113.64474,7.17E-09,,3006720,0.33,50049684.37,20212.84387,7.04E-09,7.329297372,,2.01E+00,4.93E-01,1.83E+00
34.72222,0.335,51079487.01,20113.64466,7.10E-09,,3006720,0.335,50051391.69,20212.84379,6.97E-09,7.329927707,,2.01E+00,4.93E-01,1.82E+00
34.72222,0.34,51081223.35,20113.64461,7.03E-09,,3006720,0.34,50053008.11,20212.84374,6.91E-09,7.330525315,,2.01E+00,4.93E-01,1.76E+00
34.72222,0.345,51082790.43,20113.64458,6.97E-09,,3006720,0.345,50054537.87,20212.84371,6.85E-09,7.331091628,,2.01E+00,4.93E-01,1.79E+00
34.72222,0.35,51084347.96,20113.64456,6.91E-09,,3006720,0.35,50055984.93,20212.84369,6.79E-09,7.331627997,,2.01E+00,4.93E-01,1.77E+00
34.72222,0.355,51085746.41,20113.64455,6.85E-09,,3006720,0.355,50057353.02,20212.84368,6.73E-09,7.332135695,,2.01E+00,4.93E-01,1.70E+00
34.72222,0.36,51087140.79,20113.64454,6.80E-09,,3006720,0.36,50058645.64,20212.84367,6.68E-09,7.332615922,,2.01E+00,4.93E-01,1.74E+00
34.72222,0.365,51088385.26,20113.64454,6.75E-09,,3006720,0.365,50059866.06,20212.84367,6.63E-09,7.33306981,,2.01E+00,4.93E-01,1.73E+00
34.72222,0.37,51089630.32,20113.64454,6.70E-09,,3006720,0.37,50061017.39,20212.84367,6.59E-09,7.333498427,,2.01E+00,4.93E-01,1.68E+00
34.72222,0.375,51090733.77,20113.64454,6.66E-09,,3006720,0.375,50062102.51,20212.84366,6.54E-09,7.333902781,,2.01E+00,4.93E-01,1.74E+00
34.72222,0.38,51091841.72,20113.64454,6.61E-09,,3006720,0.38,50063124.17,20212.84366,6.50E-09,7.334283824,,2.01E+00,4.93E-01,1.61E+00
34.72222,0.385,51092815.59,20113.64454,6.57E-09,,3006720,0.385,50064084.93,20212.84366,6.47E-09,7.334642455,,2.01E+00,4.93E-01,1.59E+00
34.72222,0.39,51093797.27,20113.64453,6.53E-09,,3006720,0.39,50064987.21,20212.84366,6.43E-09,7.334979524,,2.01E+00,4.93E-01,1.54E+00
34.72222,0.395,51094651.68,20113.64453,6.50E-09,,3006720,0.395,50065833.29,20212.84366,6.40E-09,7.335295833,,2.01E+00,4.93E-01,1.60E+00
34.72222,0.4,51095516.69,20113.64453,6.47E-09,,3006720,0.4,50066625.32,20212.84366,6.36E-09,7.33559214,,2.01E+00,4.93E-01,1.63E+00
34.72222,0.405,51096260.65,20113.64453,6.44E-09,,3006720,0.405,50067365.33,20212.84366,6.33E-09,7.335869164,,2.01E+00,4.93E-01,1.63E+00
34.72222,0.41,51097017.5,20113.64453,6.41E-09,,3006720,0.41,50068055.21,20212.84366,6.31E-09,7.336127582,,2.01E+00,4.93E-01,1.60E+00
34.72222,0.415,51097658.99,20113.64453,6.38E-09,,3006720,0.415,50068696.77,20212.84366,6.28E-09,7.336368034,,2.01E+00,4.93E-01,1.54E+00
34.72222,0.42,51098315.27,20113.64453,6.35E-09,,3006720,0.42,50069291.7,20212.84366,6.26E-09,7.336591127,,2.01E+00,4.93E-01,1.44E+00
34.72222,0.425,51098861.38,20113.64453,6.33E-09,,3006720,0.425,50069841.6,20212.84366,6.24E-09,7.336797434,,2.01E+00,4.93E-01,1.48E+00
34.72222,0.43,51099423.82,20113.64453,6.31E-09,,3006720,0.43,50070347.97,20212.84366,6.22E-09,7.336987497,,2.01E+00,4.93E-01,1.49E+00
34.72222,0.435,51099880.85,20113.64453,6.29E-09,,3006720,0.435,50070812.24,20212.84366,6.20E-09,7.337161828,,2.01E+00,4.93E-01,1.47E+00
34.72222,0.44,51100355.46,20113.64453,6.27E-09,,3006720,0.44,50071235.74,20212.84366,6.18E-09,7.337320912,,2.01E+00,4.93E-01,1.42E+00
34.72222,0.445,51100728.99,20113.64453,6.26E-09,,3006720,0.445,50071619.74,20212.84366,6.17E-09,7.337465206,,2.01E+00,4.93E-01,1.51E+00
34.72222,0.45,51101121.1,20113.64453,6.24E-09,,3006720,0.45,50071965.43,20212.84366,6.15E-09,7.337595144,,2.01E+00,4.93E-01,1.41E+00
34.72222,0.455,51101416.11,20113.64453,6.23E-09,,3006720,0.455,50072273.92,20212.84366,6.14E-09,7.337711134,,2.01E+00,4.93E-01,1.45E+00
34.72222,0.46,51101730.45,20113.64453,6.22E-09,,3006720,0.46,50072546.27,20212.84366,6.13E-09,7.337813562,,2.01E+00,4.93E-01,1.47E+00
34.72222,0.465,51101951.36,20113.64453,6.21E-09,,3006720,0.465,50072783.49,20212.84366,6.12E-09,7.337902794,,2.01E+00,4.93E-01,1.46E+00
34.72222,0.47,51102192.14,20113.64453,6.20E-09,,3006720,0.47,50072986.5,20212.84366,6.11E-09,7.337979173,,2.01E+00,4.93E-01,1.43E+00
34.72222,0.475,51102342.84,20113.64453,6.19E-09,,3006720,0.475,50073156.18,20212.84366,6.10E-09,7.338043025,,2.01E+00,4.93E-01,1.38E+00
34.72222,0.48,51102513.8,20113.64453,6.19E-09,,3006720,0.48,50073293.37,20212.84366,6.10E-09,7.338094656,,2.01E+00,4.93E-01,1.47E+00
34.72222,0.485,51102597.75,20113.64453,6.18E-09,,3006720,0.485,50073398.84,20212.84366,6.09E-09,7.338134354,,2.01E+00,4.93E-01,1.38E+00
34.72222,0.49,51102702.18,20113.64453,6.18E-09,,3006720,0.49,50073473.33,20212.84366,6.09E-09,7.338162392,,2.01E+00,4.93E-01,1.43E+00
34.72222,0.495,51102722.41,20113.64453,6.18E-09,,3006720,0.495,50073517.52,20212.84366,6.09E-09,7.338179025,,2.01E+00,4.93E-01,1.45E+00
34.72222,0.5,51102763.24,20113.64453,6.18E-09,,3006720,0.5,50073532.05,20212.84366,6.09E-09,7.338184495,,2.01E+00,4.93E-01,1.46E+00
46.2963,0,47553738.05,4935742.579,9.70E-08,,4008960,0,47607571.39,4970700.848,9.48E-08,6.870963476,,1.13E-01,7.08E-01,2.28E+00
46.2963,0.005,47555604.62,4935620.999,9.69E-08,,4008960,0.005,47610694.28,4970599.914,9.47E-08,6.871362324,,1.16E-01,7.09E-01,2.31E+00
46.2963,0.01,47561972.66,4935414.912,9.66E-08,,4008960,0.01,47617551.29,4970371.927,9.44E-08,6.872241202,,1.17E-01,7.08E-01,2.29E+00
46.2963,0.015,47572053.06,4935008.868,9.62E-08,,4008960,0.015,47628347.08,4969971.504,9.40E-08,6.873627945,,1.18E-01,7.08E-01,2.32E+00
46.2963,0.02,47586671.17,4934338.215,9.57E-08,,4008960,0.02,47643219.07,4969305.208,9.34E-08,6.875542669,,1.19E-01,7.09E-01,2.43E+00
46.2963,0.025,47605062.04,4933234.514,9.49E-08,,4008960,0.025,47662249.37,4968210.566,9.26E-08,6.877998807,,1.20E-01,7.09E-01,2.40E+00
46.2963,0.03,47628083.39,4931431.531,9.40E-08,,4008960,0.03,47685517.36,4966418.49,9.17E-08,6.88100899,,1.21E-01,7.09E-01,2.44E+00
46.2963,0.035,47655026.2,4928493.633,9.30E-08,,4008960,0.035,47713125.25,4963489.063,9.06E-08,6.884586875,,1.22E-01,7.10E-01,2.55E+00
46.2963,0.04,47686830.36,4923721.267,9.17E-08,,4008960,0.04,47745222.33,4958706.468,8.94E-08,6.88874783,,1.22E-01,7.11E-01,2.52E+00
46.2963,0.045,47722923.86,4916000.659,9.04E-08,,4008960,0.045,47782037.47,4950910.719,8.80E-08,6.893509184,,1.24E-01,7.10E-01,2.68E+00
46.2963,0.05,47764456.07,4903591.056,8.88E-08,,4008960,0.05,47823927.3,4938233.213,8.64E-08,6.89889023,,1.25E-01,7.06E-01,2.70E+00
46.2963,0.055,47811186.59,4883811.86,8.71E-08,,4008960,0.055,47871446.33,4917688.464,8.47E-08,6.904911933,,1.26E-01,6.94E-01,2.79E+00
46.2963,0.06,47864756.62,4852667.961,8.52E-08,,4008960,0.06,47925441.98,4884561.485,8.28E-08,6.911596232,,1.27E-01,6.57E-01,2.86E+00
46.2963,0.065,47925623.75,4804483.507,8.32E-08,,4008960,0.065,47987161.61,4831589.139,8.07E-08,6.918964686,,1.28E-01,5.64E-01,3.00E+00
46.2963,0.07,47996296.54,4731512.096,8.10E-08,,4008960,0.07,48058317.51,4747822.948,7.85E-08,6.927036067,,1.29E-01,3.45E-01,3.11E+00
46.2963,0.075,48078053.31,4623547.608,7.86E-08,,4008960,0.075,48140971.68,4616643.271,7.61E-08,6.935822312,,1.31E-01,1.49E-01,3.16E+00
46.2963,0.08,48173576.41,4468053.17,7.61E-08,,4008960,0.08,48222804.14,4415378.938,7.36E-08,6.945321957,,1.02E-01,1.18E+00,3.28E+00
46.2963,0.085,48282641.14,4249229.49,7.35E-08,,4008960,0.085,48289197.64,4121771.1,7.10E-08,6.95551089,,1.36E-02,3.00E+00,3.43E+00
46.2963,0.09,48403836.34,3945810.849,7.08E-08,,4008960,0.09,48358062.34,3720802.081,6.83E-08,6.966332116,,9.46E-02,5.70E+00,3.60E+00
46.2963,0.095,48530781.93,3534142.532,6.80E-08,,4008960,0.095,48428524.78,3213718.777,6.55E-08,6.977687173,,2.11E-01,9.07E+00,3.73E+00
46.2963,0.1,48656723.73,2997699.706,6.51E-08,,4008960,0.1,48499504.76,2632320.186,6.27E-08,6.989433476,,3.23E-01,1.22E+01,3.76E+00
46.2963,0.105,48774139.36,2364587.264,6.22E-08,,4008960,0.105,48569813.24,2036008.564,5.99E-08,7.001393247,,4.19E-01,1.39E+01,3.75E+00
46.2963,0.11,48879953,1723180.476,5.93E-08,,4008960,0.11,48638307.07,1490758.558,5.72E-08,7.013374526,,4.94E-01,1.35E+01,3.61E+00
46.2963,0.115,48972596.76,1174992.045,5.66E-08,,4008960,0.115,48704042.38,1043028.461,5.46E-08,7.025197349,,5.48E-01,1.12E+01,3.62E+00
46.2963,0.12,49054039.23,769692.2403,5.40E-08,,4008960,0.12,48766365.7,707442.8424,5.21E-08,7.036714843,,5.86E-01,8.09E+00,3.55E+00
46.2963,0.125,49125389.59,498149.823,5.16E-08,,4008960,0.125,48824922.2,473062.0125,4.98E-08,7.047822675,,6.12E-01,5.04E+00,3.56E+00
46.2963,0.13,49189215.21,325988.5195,4.93E-08,,4008960,0.13,48879604.37,317428.5344,4.76E-08,7.058457393,,6.29E-01,2.63E+00,3.46E+00
46.2963,0.135,49246210.03,219789.9108,4.72E-08,,4008960,0.135,48930478.98,217542.8129,4.56E-08,7.068588487,,6.41E-01,1.02E+00,3.43E+00
46.2963,0.14,49298238.17,154937.3834,4.52E-08,,4008960,0.14,48977719.46,154830.5695,4.37E-08,7.078208932,,6.50E-01,6.89E-02,3.30E+00
46.2963,0.145,49345382.08,115513.4961,4.34E-08,,4008960,0.145,49021554.91,115997.8623,4.20E-08,7.08732695,,6.56E-01,4.19E-01,3.29E+00
46.2963,0.15,49389017.79,91590.65353,4.17E-08,,4008960,0.15,49062236.04,92156.13866,4.04E-08,7.095959846,,6.62E-01,6.17E-01,3.20E+00
46.2963,0.155,49428899.66,77084.42235,4.02E-08,,4008960,0.155,49100014.49,77594.20127,3.89E-08,7.104129792,,6.65E-01,6.61E-01,3.31E+00
46.2963,0.16,49466149.41,68290.3084,3.87E-08,,4008960,0.16,49135131.32,68728.00646,3.75E-08,7.111861119,,6.69E-01,6.41E-01,3.15E+00
46.2963,0.165,49500363.31,62959.5778,3.74E-08,,4008960,0.165,49167811.36,63339.85663,3.62E-08,7.119178652,,6.72E-01,6.04E-01,3.23E+00
46.2963,0.17,49532524.97,59728.23252,3.61E-08,,4008960,0.17,49198260.96,60069.01824,3.50E-08,7.126106742,,6.75E-01,5.71E-01,3.08E+00
46.2963,0.175,49562151.82,57769.47827,3.49E-08,,4008960,0.175,49226667.81,58084.7671,3.39E-08,7.132668735,,6.77E-01,5.46E-01,2.96E+00
46.2963,0.18,49590142.6,56582.08253,3.38E-08,,4008960,0.18,49253201.7,56881.46873,3.28E-08,7.138886704,,6.79E-01,5.29E-01,2.90E+00
46.2963,0.185,49615973.05,55862.27317,3.28E-08,,4008960,0.185,49278015.9,56151.90777,3.18E-08,7.144781356,,6.81E-01,5.18E-01,2.93E+00
46.2963,0.19,49640482.69,55425.89788,3.18E-08,,4008960,0.19,49301248.62,55709.62041,3.09E-08,7.150372016,,6.83E-01,5.12E-01,2.76E+00
46.2963,0.195,49663124.48,55161.34703,3.09E-08,,4008960,0.195,49323024.52,55441.50146,3.01E-08,7.155676678,,6.85E-01,5.08E-01,2.70E+00
46.2963,0.2,49684692.43,55000.95691,3.01E-08,,4008960,0.2,49343456.16,55278.96703,2.93E-08,7.160712073,,6.87E-01,5.05E-01,2.79E+00
46.2963,0.205,49704627.42,54903.71554,2.93E-08,,4008960,0.205,49362645.32,55180.4375,2.85E-08,7.165493755,,6.88E-01,5.04E-01,2.72E+00
46.2963,0.21,49723686.09,54844.75761,2.86E-08,,4008960,0.21,49380684.15,55120.70713,2.78E-08,7.170036182,,6.90E-01,5.03E-01,2.83E+00
46.2963,0.215,49741303.99,54809.01083,2.79E-08,,4008960,0.215,49397656.27,55084.49666,2.71E-08,7.174352808,,6.91E-01,5.03E-01,2.78E+00
46.2963,0.22,49758205.75,54787.33641,2.72E-08,,4008960,0.22,49413637.67,55062.54416,2.65E-08,7.178456155,,6.92E-01,5.02E-01,2.60E+00
46.2963,0.225,49773826.14,54774.19444,2.66E-08,,4008960,0.225,49428697.54,55049.23515,2.59E-08,7.182357892,,6.93E-01,5.02E-01,2.63E+00
46.2963,0.23,49788861.55,54766.22573,2.60E-08,,4008960,0.23,49442899.02,55041.16619,2.53E-08,7.186068903,,6.95E-01,5.02E-01,2.53E+00
46.2963,0.235,49802749.24,54761.39384,2.54E-08,,4008960,0.235,49456299.77,55036.27402,2.48E-08,7.189599347,,6.96E-01,5.02E-01,2.31E+00
46.2963,0.24,49816160.2,54758.4639,2.49E-08,,4008960,0.24,49468952.61,55033.30786,2.43E-08,7.19295872,,6.97E-01,5.02E-01,2.34E+00
46.2963,0.245,49828536.51,54756.68726,2.44E-08,,4008960,0.245,49480905.96,55031.50942,2.38E-08,7.196155902,,6.98E-01,5.02E-01,2.27E+00
46.2963,0.25,49840525.94,54755.60991,2.40E-08,,4008960,0.25,49492204.29,55030.41896,2.34E-08,7.199199207,,6.99E-01,5.02E-01,2.49E+00
46.2963,0.255,49851577.2,54754.95661,2.35E-08,,4008960,0.255,49502888.5,55029.75777,2.30E-08,7.202096423,,6.99E-01,5.02E-01,2.21E+00
46.2963,0.26,49862316.52,54754.56045,2.31E-08,,4008960,0.26,49512996.28,55029.35685,2.26E-08,7.204854856,,7.01E-01,5.02E-01,2.24E+00
46.2963,0.265,49872200.59,54754.32021,2.27E-08,,4008960,0.265,49522562.39,55029.11374,2.22E-08,7.207481362,,7.01E-01,5.02E-01,2.17E+00
46.2963,0.27,49881835.52,54754.17453,2.23E-08,,4008960,0.27,49531618.95,55028.96633,2.19E-08,7.209982379,,7.02E-01,5.02E-01,2.01E+00
46.2963,0.275,49890686.94,54754.08618,2.20E-08,,4008960,0.275,49540195.67,55028.87694,2.15E-08,7.21236396,,7.03E-01,5.02E-01,2.21E+00
46.2963,0.28,49899342,54754.03261,2.16E-08,,4008960,0.28,49548320.06,55028.82274,2.12E-08,7.214631798,,7.03E-01,5.02E-01,1.88E+00
46.2963,0.285,49907276.03,54754.00013,2.13E-08,,4008960,0.285,49556017.63,55028.78987,2.09E-08,7.216791248,,7.04E-01,5.02E-01,1.92E+00
46.2963,0.29,49915058.18,54753.98042,2.10E-08,,4008960,0.29,49563312.06,55028.76994,2.06E-08,7.218847357,,7.05E-01,5.02E-01,1.88E+00
46.2963,0.295,49922174.02,54753.96847,2.07E-08,,4008960,0.295,49570225.37,55028.75785,2.03E-08,7.220804879,,7.05E-01,5.02E-01,1.77E+00
46.2963,0.3,49929175.58,54753.96122,2.05E-08,,4008960,0.3,49576778.02,55028.75052,2.01E-08,7.222668296,,7.06E-01,5.02E-01,2.07E+00
46.2963,0.305,49935559,54753.95683,2.02E-08,,4008960,0.305,49582989.08,55028.74607,1.98E-08,7.224441837,,7.06E-01,5.02E-01,1.82E+00
46.2963,0.31,49941859.94,54753.95416,2.00E-08,,4008960,0.31,49588876.33,55028.74338,1.96E-08,7.226129493,,7.07E-01,5.02E-01,2.00E+00
46.2963,0.315,49947585.39,54753.95254,1.97E-08,,4008960,0.315,49594456.35,55028.74174,1.94E-08,7.227735032,,7.07E-01,5.02E-01,1.62E+00
46.2963,0.32,49953255.29,54753.95156,1.95E-08,,4008960,0.32,49599744.62,55028.74075,1.92E-08,7.229262014,,7.08E-01,5.02E-01,1.67E+00
46.2963,0.325,49958387.62,54753.95097,1.93E-08,,4008960,0.325,49604755.6,55028.74015,1.90E-08,7.230713805,,7.08E-01,5.02E-01,1.67E+00
46.2963,0.33,49963487.21,54753.95061,1.91E-08,,4008960,0.33,49609502.84,55028.73979,1.88E-08,7.232093585,,7.08E-01,5.02E-01,1.62E+00
46.2963,0.335,49968083.09,54753.95039,1.89E-08,,4008960,0.335,49613999,55028.73956,1.86E-08,7.233404365,,7.09E-01,5.02E-01,1.51E+00
46.2963,0.34,49972665.57,54753.95026,1.88E-08,,4008960,0.34,49618255.94,55028.73943,1.84E-08,7.23464899,,7.09E-01,5.02E-01,1.88E+00
46.2963,0.345,49976774.69,54753.95017,1.86E-08,,4008960,0.345,49622284.79,55028.73935,1.83E-08,7.235830157,,7.09E-01,5.02E-01,1.68E+00
46.2963,0.35,49980886.75,54753.95013,1.84E-08,,4008960,0.35,49626095.97,55028.7393,1.81E-08,7.236950416,,7.10E-01,5.02E-01,1.42E+00
46.2963,0.355,49984552.78,54753.9501,1.83E-08,,4008960,0.355,49629699.28,55028.73927,1.80E-08,7.238012185,,7.10E-01,5.02E-01,1.65E+00
46.2963,0.36,49988235.56,54753.95008,1.82E-08,,4008960,0.36,49633103.9,55028.73925,1.79E-08,7.239017754,,7.10E-01,5.02E-01,1.85E+00
46.2963,0.365,49991496.96,54753.95007,1.80E-08,,4008960,0.365,49636318.47,55028.73924,1.77E-08,7.239969292,,7.10E-01,5.02E-01,1.46E+00
46.2963,0.37,49994786.77,54753.95006,1.79E-08,,4008960,0.37,49639351.11,55028.73923,1.76E-08,7.240868855,,7.11E-01,5.02E-01,1.57E+00
46.2963,0.375,49997677.51,54753.95006,1.78E-08,,4008960,0.375,49642209.46,55028.73923,1.75E-08,7.241718393,,7.11E-01,5.02E-01,1.65E+00
46.2963,0.38,50000606.44,54753.95005,1.77E-08,,4008960,0.38,49644900.68,55028.73923,1.74E-08,7.242519755,,7.11E-01,5.02E-01,1.69E+00
46.2963,0.385,50003156.57,54753.95005,1.76E-08,,4008960,0.385,49647431.55,55028.73923,1.73E-08,7.243274695,,7.11E-01,5.02E-01,1.70E+00
46.2963,0.39,50005753.06,54753.95005,1.75E-08,,4008960,0.39,49649808.43,55028.73922,1.72E-08,7.243984874,,7.12E-01,5.02E-01,1.67E+00
46.2963,0.395,50007989.18,54753.95005,1.74E-08,,4008960,0.395,49652037.32,55028.73922,1.71E-08,7.24465187,,7.12E-01,5.02E-01,1.61E+00
46.2963,0.4,50010278.47,54753.95005,1.73E-08,,4008960,0.4,49654123.85,55028.73922,1.70E-08,7.24527718,,7.12E-01,5.02E-01,1.51E+00
46.2963,0.405,50012224.2,54753.95005,1.72E-08,,4008960,0.405,49656073.35,55028.73922,1.70E-08,7.245862224,,7.12E-01,5.02E-01,1.39E+00
46.2963,0.41,50014228.7,54753.95005,1.71E-08,,4008960,0.41,49657890.85,55028.73922,1.69E-08,7.246408349,,7.12E-01,5.02E-01,1.23E+00
46.2963,0.415,50015904.98,54753.95005,1.71E-08,,4008960,0.415,49659581.06,55028.73922,1.68E-08,7.246916833,,7.12E-01,5.02E-01,1.61E+00
46.2963,0.42,50017644.63,54753.95005,1.70E-08,,4008960,0.42,49661148.44,55028.73922,1.68E-08,7.247388889,,7.13E-01,5.02E-01,1.40E+00
46.2963,0.425,50019070.08,54753.95005,1.69E-08,,4008960,0.425,49662597.21,55028.73922,1.67E-08,7.247825668,,7.13E-01,5.02E-01,1.15E+00
46.2963,0.43,50020562.61,54753.95005,1.69E-08,,4008960,0.43,49663931.32,55028.73922,1.67E-08,7.248228261,,7.13E-01,5.02E-01,1.46E+00
46.2963,0.435,50021753.77,54753.95005,1.68E-08,,4008960,0.435,49665154.51,55028.73922,1.66E-08,7.248597705,,7.13E-01,5.02E-01,1.16E+00
46.2963,0.44,50023014.96,54753.95005,1.68E-08,,4008960,0.44,49666270.3,55028.73922,1.66E-08,7.248934982,,7.13E-01,5.02E-01,1.42E+00
46.2963,0.445,50023986.51,54753.95005,1.67E-08,,4008960,0.445,49667282.03,55028.73922,1.65E-08,7.249241024,,7.13E-01,5.02E-01,1.07E+00
46.2963,0.45,50025030.41,54753.95005,1.67E-08,,4008960,0.45,49668192.82,55028.73922,1.65E-08,7.249516713,,7.13E-01,5.02E-01,1.28E+00
46.2963,0.455,50025795.41,54753.95005,1.67E-08,,4008960,0.455,49669005.62,55028.73922,1.65E-08,7.249762887,,7.13E-01,5.02E-01,1.47E+00
46.2963,0.46,50026634.49,54753.95005,1.66E-08,,4008960,0.46,49669723.22,55028.73922,1.64E-08,7.249980341,,7.13E-01,5.02E-01,1.05E+00
46.2963,0.465,50027204.5,54753.95005,1.66E-08,,4008960,0.465,49670348.23,55028.73922,1.64E-08,7.250169825,,7.13E-01,5.02E-01,1.20E+00
46.2963,0.47,50027849.87,54753.95005,1.66E-08,,4008960,0.47,49670883.12,55028.73922,1.64E-08,7.250332052,,7.14E-01,5.02E-01,1.32E+00
46.2963,0.475,50028235.15,54753.95005,1.66E-08,,4008960,0.475,49671330.21,55028.73922,1.64E-08,7.250467696,,7.13E-01,5.02E-01,1.43E+00
46.2963,0.48,50028696.64,54753.95005,1.66E-08,,4008960,0.48,49671691.68,55028.73922,1.63E-08,7.250577395,,7.14E-01,5.02E-01,1.51E+00
46.2963,0.485,50028906.22,54753.95005,1.66E-08,,4008960,0.485,49671969.59,55028.73922,1.63E-08,7.250661751,,7.13E-01,5.02E-01,1.58E+00
46.2963,0.49,50029192.55,54753.95005,1.65E-08,,4008960,0.49,49672165.85,55028.73922,1.63E-08,7.250721335,,7.14E-01,5.02E-01,1.03E+00
46.2963,0.495,50029234.42,54753.95005,1.65E-08,,4008960,0.495,49672282.27,55028.73922,1.63E-08,7.250756685,,7.13E-01,5.02E-01,1.06E+00
46.2963,0.5,50029353.28,54753.95005,1.65E-08,,4008960,0.5,49672320.55,55028.73922,1.63E-08,7.250768308,,7.14E-01,5.02E-01,1.07E+00
57.87037,0,44026672.26,11460640.79,2.34E-07,,5002558,0,44182635.23,11483147.14,2.28E-07,6.572943617,,3.54E-01,1.96E-01,2.77E+00
57.87037,0.005,44030888.27,11460399.94,2.34E-07,,5002558,0.005,44189783.97,11482925.47,2.27E-07,6.573405676,,3.61E-01,1.97E-01,2.89E+00
57.87037,0.01,44045588.32,11459930.31,2.33E-07,,5002558,0.01,44205510.57,11482392.51,2.27E-07,6.574424079,,3.63E-01,1.96E-01,2.74E+00
57.87037,0.015,44068725.52,11458907.3,2.32E-07,,5002558,0.015,44230268.98,11481427.52,2.26E-07,6.576031637,,3.67E-01,1.97E-01,2.75E+00
57.87037,0.02,44102382.56,11457239.35,2.31E-07,,5002558,0.02,44264346.42,11479808.87,2.24E-07,6.578252588,,3.67E-01,1.97E-01,2.91E+00
57.87037,0.025,44144535.56,11454489.92,2.29E-07,,5002558,0.025,44307881.93,11477159.03,2.23E-07,6.581103826,,3.70E-01,1.98E-01,2.82E+00
57.87037,0.03,44197286.2,11450049.43,2.27E-07,,5002558,0.03,44360972.74,11472853.47,2.20E-07,6.584601756,,3.70E-01,1.99E-01,2.89E+00
57.87037,0.035,44258643.49,11442897.99,2.25E-07,,5002558,0.035,44423709.2,11465875.94,2.18E-07,6.588764462,,3.73E-01,2.01E-01,3.13E+00
57.87037,0.04,44330741.67,11431437.69,2.22E-07,,5002558,0.04,44496191.75,11454585.87,2.15E-07,6.593612564,,3.73E-01,2.02E-01,3.11E+00
57.87037,0.045,44411645.16,11413165.43,2.18E-07,,5002558,0.045,44578544.05,11436349.83,2.12E-07,6.599169595,,3.76E-01,2.03E-01,2.82E+00
57.87037,0.05,44503556.37,11384256.99,2.15E-07,,5002558,0.05,44670927.85,11406969.91,2.08E-07,6.605462107,,3.76E-01,2.00E-01,3.14E+00
57.87037,0.055,44604646.77,11338963.92,2.11E-07,,5002558,0.055,44773561.75,11359830.65,2.04E-07,6.612519469,,3.79E-01,1.84E-01,3.20E+00
57.87037,0.06,44717262.65,11268924.64,2.07E-07,,5002558,0.06,44886743.73,11284655.1,2.00E-07,6.620373241,,3.79E-01,1.40E-01,3.45E+00
57.87037,0.065,44839769.54,11162371.46,2.02E-07,,5002558,0.065,45010869.94,11165641.02,1.95E-07,6.629055829,,3.82E-01,2.93E-02,3.40E+00
57.87037,0.07,44974730.4,11003365.05,1.97E-07,,5002558,0.07,45146426.03,10978863.39,1.90E-07,6.638597974,,3.82E-01,2.23E-01,3.54E+00
57.87037,0.075,45120650.94,10770650.51,1.91E-07,,5002558,0.075,45293893.81,10690067.56,1.85E-07,6.649024418,,3.84E-01,7.48E-01,3.37E+00
57.87037,0.08,45279931.46,10436989.86,1.86E-07,,5002558,0.08,45448224.56,10256053.36,1.79E-07,6.660347047,,3.72E-01,1.73E+00,3.88E+00
57.87037,0.085,45450200.01,9967442.809,1.79E-07,,5002558,0.085,45603236.6,9632404.756,1.73E-07,6.672555392,,3.37E-01,3.36E+00,3.50E+00
57.87037,0.09,45631956.54,9316097.803,1.73E-07,,5002558,0.09,45764415.05,8786568.406,1.66E-07,6.685605418,,2.90E-01,5.68E+00,3.79E+00
57.87037,0.095,45820042.27,8434211.556,1.67E-07,,5002558,0.095,45929862.69,7716665.422,1.60E-07,6.699408953,,2.40E-01,8.51E+00,4.20E+00
57.87037,0.1,46012303.82,7285910.191,1.60E-07,,5002558,0.1,46097207.78,6471445.701,1.53E-07,6.713827871,,1.85E-01,1.12E+01,4.09E+00
57.87037,0.105,46202161.29,5910290.495,1.53E-07,,5002558,0.105,46263784.01,5153153.274,1.47E-07,6.728678059,,1.33E-01,1.28E+01,3.94E+00
57.87037,0.11,46387543.56,4463147.755,1.46E-07,,5002558,0.11,46426937.69,3891868.849,1.41E-07,6.743745743,,8.49E-02,1.28E+01,3.70E+00
57.87037,0.115,46563205.18,3156557.616,1.40E-07,,5002558,0.115,46584365.12,2801107.769,1.34E-07,6.758813007,,4.54E-02,1.13E+01,3.97E+00
57.87037,0.12,46729240.67,2130457.516,1.34E-07,,5002558,0.12,46734355.3,1941997.405,1.29E-07,6.773684092,,1.09E-02,8.85E+00,4.05E+00
57.87037,0.125,46882881.95,1405225.939,1.28E-07,,5002558,0.125,46875867.57,1317039.853,1.23E-07,6.7882036,,1.50E-02,6.28E+00,3.87E+00
57.87037,0.13,47026248.37,927093.3795,1.22E-07,,5002558,0.13,47008461.58,889704.2674,1.18E-07,6.802262616,,3.78E-02,4.03E+00,3.40E+00
57.87037,0.135,47157916.94,625029.3756,1.17E-07,,5002558,0.135,47132150.11,610194.7731,1.13E-07,6.815794758,,5.46E-02,2.37E+00,3.40E+00
57.87037,0.14,47280659.07,438320.127,1.13E-07,,5002558,0.14,47247242.37,432745.6178,1.09E-07,6.828767121,,7.07E-02,1.27E+00,3.96E+00
57.87037,0.145,47393328.22,324289.3725,1.08E-07,,5002558,0.145,47354215.59,322219.8839,1.04E-07,6.841170465,,8.25E-02,6.38E-01,3.38E+00
57.87037,0.15,47498685.74,255021.2095,1.04E-07,,5002558,0.15,47453624.29,254187.3614,1.00E-07,6.853010953,,9.49E-02,3.27E-01,3.40E+00
57.87037,0.155,47595529.21,213059.0622,1.00E-07,,5002558,0.155,47546042.71,212609.957,9.69E-08,6.864304053,,1.04E-01,2.11E-01,3.13E+00
57.87037,0.16,47686462.43,187664.2102,9.69E-08,,5002558,0.16,47632031.26,187308.4736,9.35E-08,6.875070391,,1.14E-01,1.90E-01,3.49E+00
57.87037,0.165,47770180.28,172304.1893,9.36E-08,,5002558,0.165,47712118.77,171949.8484,9.04E-08,6.885333073,,1.22E-01,2.06E-01,3.41E+00
57.87037,0.17,47849123.51,163013.7724,9.06E-08,,5002558,0.17,47786794.54,162640.0312,8.75E-08,6.895116031,,1.30E-01,2.29E-01,3.42E+00
57.87037,0.175,47921901.14,157394.9983,8.77E-08,,5002558,0.175,47856506.09,157001.1838,8.48E-08,6.904443037,,1.36E-01,2.50E-01,3.31E+00
57.87037,0.18,47990811.9,153996.095,8.51E-08,,5002558,0.18,47921660,153587.174,8.23E-08,6.913337146,,1.44E-01,2.66E-01,3.32E+00
57.87037,0.185,48054403.86,151940.0028,8.26E-08,,5002558,0.185,47982624.36,151520.5514,7.99E-08,6.921820401,,1.49E-01,2.76E-01,3.25E+00
57.87037,0.19,48114855.47,150695.9057,8.03E-08,,5002558,0.19,48039731.95,150269.6136,7.77E-08,6.929913705,,1.56E-01,2.83E-01,3.23E+00
57.87037,0.195,48170675.65,149943.1078,7.81E-08,,5002558,0.195,48093283.51,149512.3973,7.56E-08,6.937636779,,1.61E-01,2.87E-01,3.16E+00
57.87037,0.2,48223940.39,149487.4818,7.61E-08,,5002558,0.2,48143551.05,149054.0112,7.37E-08,6.945008182,,1.67E-01,2.90E-01,3.17E+00
57.87037,0.205,48273136.6,149211.7116,7.42E-08,,5002558,0.205,48190780.86,148776.5011,7.19E-08,6.952045358,,1.71E-01,2.92E-01,3.15E+00
57.87037,0.21,48320251.64,149044.762,7.23E-08,,5002558,0.21,48235196.25,148608.4792,7.01E-08,6.958764697,,1.76E-01,2.93E-01,2.97E+00
57.87037,0.215,48363763.49,148943.6909,7.07E-08,,5002558,0.215,48277000.04,148506.7387,6.85E-08,6.965181599,,1.79E-01,2.93E-01,3.06E+00
57.87037,0.22,48405581.43,148882.4897,6.91E-08,,5002558,0.22,48316376.77,148445.1272,6.70E-08,6.971310542,,1.84E-01,2.94E-01,3.01E+00
57.87037,0.225,48444184.46,148845.4309,6.76E-08,,5002558,0.225,48353494.63,148407.8134,6.56E-08,6.977165151,,1.87E-01,2.94E-01,2.98E+00
57.87037,0.23,48481411.88,148822.9866,6.61E-08,,5002558,0.23,48388507.17,148385.2132,6.42E-08,6.982758252,,1.92E-01,2.94E-01,2.82E+00
57.87037,0.235,48515751.21,148809.3936,6.48E-08,,5002558,0.235,48421554.84,148371.5236,6.30E-08,6.988101931,,1.94E-01,2.94E-01,2.83E+00
57.87037,0.24,48548978.08,148801.1597,6.35E-08,,5002558,0.24,48452766.3,148363.2308,6.18E-08,6.993207591,,1.98E-01,2.94E-01,2.73E+00
57.87037,0.245,48579594.23,148796.1723,6.24E-08,,5002558,0.245,48482259.62,148358.2069,6.06E-08,6.998085991,,2.00E-01,2.94E-01,2.83E+00
57.87037,0.25,48609316.61,148793.1507,6.12E-08,,5002558,0.25,48510143.33,148355.1631,5.96E-08,7.0027473,,2.04E-01,2.94E-01,2.68E+00
57.87037,0.255,48636665.48,148791.3202,6.02E-08,,5002558,0.255,48536517.29,148353.3189,5.85E-08,7.007201127,,2.06E-01,2.94E-01,2.75E+00
57.87037,0.26,48663303.13,148790.2111,5.91E-08,,5002558,0.26,48561473.58,148352.2014,5.76E-08,7.011456566,,2.09E-01,2.94E-01,2.56E+00
57.87037,0.265,48687771.59,148789.5391,5.82E-08,,5002558,0.265,48585097.2,148351.5243,5.67E-08,7.015522225,,2.11E-01,2.94E-01,2.61E+00
57.87037,0.27,48711681.77,148789.1319,5.73E-08,,5002558,0.27,48607466.7,148351.1139,5.58E-08,7.019406258,,2.14E-01,2.94E-01,2.58E+00
57.87037,0.275,48733599.93,148788.8852,5.64E-08,,5002558,0.275,48628654.77,148350.8652,5.50E-08,7.023116395,,2.15E-01,2.94E-01,2.47E+00
57.87037,0.28,48755088.35,148788.7357,5.56E-08,,5002558,0.28,48648728.81,148350.7145,5.42E-08,7.026659966,,2.18E-01,2.94E-01,2.45E+00
57.87037,0.285,48774739.35,148788.645,5.49E-08,,5002558,0.285,48667751.29,148350.6232,5.35E-08,7.030043924,,2.19E-01,2.94E-01,2.54E+00
57.87037,0.29,48794068.9,148788.5901,5.41E-08,,5002558,0.29,48685780.27,148350.5678,5.28E-08,7.033274873,,2.22E-01,2.94E-01,2.38E+00
57.87037,0.295,48811696.68,148788.5568,5.34E-08,,5002558,0.295,48702869.72,148350.5343,5.22E-08,7.036359081,,2.23E-01,2.94E-01,2.33E+00
57.87037,0.3,48829094.43,148788.5366,5.28E-08,,5002558,0.3,48719069.86,148350.5139,5.15E-08,7.039302505,,2.25E-01,2.94E-01,2.39E+00
57.87037,0.305,48844910.1,148788.5244,5.22E-08,,5002558,0.305,48734427.49,148350.5016,5.09E-08,7.042110806,,2.26E-01,2.94E-01,2.40E+00
57.87037,0.31,48860573,148788.517,5.16E-08,,5002558,0.31,48748986.24,148350.4941,5.04E-08,7.044789366,,2.28E-01,2.94E-01,2.34E+00
57.87037,0.315,48874759.93,148788.5125,5.10E-08,,5002558,0.315,48762786.83,148350.4896,4.99E-08,7.047343304,,2.29E-01,2.94E-01,2.23E+00
57.87037,0.32,48888859.45,148788.5098,5.05E-08,,5002558,0.32,48775867.31,148350.4868,4.94E-08,7.049777488,,2.31E-01,2.94E-01,2.26E+00
57.87037,0.325,48901577.5,148788.5081,5.00E-08,,5002558,0.325,48788263.24,148350.4852,4.89E-08,7.052096552,,2.32E-01,2.94E-01,2.23E+00
57.87037,0.33,48914263.42,148788.5071,4.95E-08,,5002558,0.33,48800007.9,148350.4842,4.84E-08,7.054304907,,2.34E-01,2.94E-01,2.15E+00
57.87037,0.335,48925652.41,148788.5065,4.91E-08,,5002558,0.335,48811132.43,148350.4835,4.80E-08,7.05640675,,2.34E-01,2.94E-01,2.22E+00
57.87037,0.34,48937056,148788.5061,4.86E-08,,5002558,0.34,48821666.03,148350.4832,4.76E-08,7.058406079,,2.36E-01,2.94E-01,2.05E+00
57.87037,0.345,48947238.57,148788.5059,4.83E-08,,5002558,0.345,48831636.07,148350.483,4.72E-08,7.060306701,,2.36E-01,2.94E-01,2.23E+00
57.87037,0.35,48957475.19,148788.5058,4.79E-08,,5002558,0.35,48841068.21,148350.4828,4.69E-08,7.062112243,,2.38E-01,2.94E-01,2.16E+00
57.87037,0.355,48966559.19,148788.5057,4.75E-08,,5002558,0.355,48849986.57,148350.4827,4.65E-08,7.06382616,,2.38E-01,2.94E-01,2.06E+00
57.87037,0.36,48975730.47,148788.5056,4.72E-08,,5002558,0.36,48858413.79,148350.4827,4.62E-08,7.065451743,,2.40E-01,2.94E-01,2.12E+00
57.87037,0.365,48983810.97,148788.5056,4.69E-08,,5002558,0.365,48866371.13,148350.4827,4.59E-08,7.066992129,,2.40E-01,2.94E-01,2.14E+00
57.87037,0.37,48992006.67,148788.5056,4.65E-08,,5002558,0.37,48873878.6,148350.4826,4.56E-08,7.068450307,,2.41E-01,2.94E-01,1.92E+00
57.87037,0.375,48999167.64,148788.5056,4.63E-08,,5002558,0.375,48880955.01,148350.4826,4.53E-08,7.069829128,,2.41E-01,2.94E-01,2.08E+00
57.87037,0.38,49006467.19,148788.5056,4.60E-08,,5002558,0.38,48887618.08,148350.4826,4.51E-08,7.071131305,,2.43E-01,2.94E-01,2.00E+00
57.87037,0.385,49012782.94,148788.5056,4.57E-08,,5002558,0.385,48893884.46,148350.4826,4.48E-08,7.072359428,,2.43E-01,2.94E-01,1.88E+00
57.87037,0.39,49019256.73,148788.5056,4.55E-08,,5002558,0.39,48899769.87,148350.4826,4.46E-08,7.073515963,,2.44E-01,2.94E-01,1.94E+00
57.87037,0.395,49024793.11,148788.5056,4.53E-08,,5002558,0.395,48905289.08,148350.4826,4.44E-08,7.074603262,,2.44E-01,2.94E-01,1.97E+00
57.87037,0.4,49030503.64,148788.5056,4.51E-08,,5002558,0.4,48910456.03,148350.4826,4.42E-08,7.075623568,,2.45E-01,2.94E-01,1.98E+00
57.87037,0.405,49035319.07,148788.5056,4.49E-08,,5002558,0.405,48915283.86,148350.4826,4.40E-08,7.076579017,,2.45E-01,2.94E-01,1.95E+00
57.87037,0.41,49040321.89,148788.5056,4.47E-08,,5002558,0.41,48919784.94,148350.4826,4.39E-08,7.077471644,,2.46E-01,2.94E-01,1.90E+00
57.87037,0.415,49044468.25,148788.5056,4.45E-08,,5002558,0.415,48923970.95,148350.4826,4.37E-08,7.078303393,,2.46E-01,2.94E-01,1.82E+00
57.87037,0.42,49048812.77,148788.5056,4.44E-08,,5002558,0.42,48927852.91,148350.4826,4.35E-08,7.079076111,,2.47E-01,2.94E-01,1.93E+00
57.87037,0.425,49052336.17,148788.5056,4.42E-08,,5002558,0.425,48931441.19,148350.4826,4.34E-08,7.079791563,,2.46E-01,2.94E-01,1.80E+00
57.87037,0.43,49056066.37,148788.5056,4.41E-08,,5002558,0.43,48934745.59,148350.4826,4.33E-08,7.080451427,,2.47E-01,2.94E-01,1.86E+00
57.87037,0.435,49059007.78,148788.5056,4.40E-08,,5002558,0.435,48937775.34,148350.4826,4.32E-08,7.081057303,,2.47E-01,2.94E-01,1.90E+00
57.87037,0.44,49062162.8,148788.5056,4.39E-08,,5002558,0.44,48940539.15,148350.4826,4.31E-08,7.081610715,,2.48E-01,2.94E-01,1.92E+00
57.87037,0.445,49064558.63,148788.5056,4.38E-08,,5002558,0.445,48943045.23,148350.4826,4.30E-08,7.082113115,,2.48E-01,2.94E-01,1.91E+00
57.87037,0.45,49067173.35,148788.5056,4.37E-08,,5002558,0.45,48945301.34,148350.4826,4.29E-08,7.082565884,,2.48E-01,2.94E-01,1.89E+00
57.87037,0.455,49069055.93,148788.5056,4.36E-08,,5002558,0.455,48947314.76,148350.4826,4.28E-08,7.082970338,,2.48E-01,2.94E-01,1.84E+00
57.87037,0.46,49071161.36,148788.5056,4.35E-08,,5002558,0.46,48949092.37,148350.4826,4.27E-08,7.083327727,,2.49E-01,2.94E-01,1.77E+00
57.87037,0.465,49072559.37,148788.5056,4.35E-08,,5002558,0.465,48950640.65,148350.4826,4.27E-08,7.083639242,,2.48E-01,2.94E-01,1.90E+00
57.87037,0.47,49074183.07,148788.5056,4.34E-08,,5002558,0.47,48951965.7,148350.4826,4.26E-08,7.083906017,,2.49E-01,2.94E-01,1.80E+00
57.87037,0.475,49075121.92,148788.5056,4.34E-08,,5002558,0.475,48953073.26,148350.4826,4.26E-08,7.084129126,,2.49E-01,2.94E-01,1.89E+00
57.87037,0.48,49076288.37,148788.5056,4.33E-08,,5002558,0.48,48953968.73,148350.4826,4.25E-08,7.084309592,,2.49E-01,2.94E-01,1.75E+00
57.87037,0.485,49076790.5,148788.5056,4.33E-08,,5002558,0.485,48954657.19,148350.4826,4.25E-08,7.084448388,,2.49E-01,2.94E-01,1.81E+00
57.87037,0.49,49077521.37,148788.5056,4.33E-08,,5002558,0.49,48955143.39,148350.4826,4.25E-08,7.084546435,,2.49E-01,2.94E-01,1.85E+00
57.87037,0.495,49077606.54,148788.5056,4.33E-08,,5002558,0.495,48955431.81,148350.4826,4.25E-08,7.084604608,,2.49E-01,2.94E-01,1.87E+00
57.87037,0.5,49077920.97,148788.5056,4.33E-08,,5002558,0.5,48955526.65,148350.4826,4.25E-08,7.084623737,,2.49E-01,2.94E-01,1.88E+00
,,,,,,,,,,,,,,,
,,,,,,,,,,,,Average of Errors,3.21E+00,9.84E-01,2.13E+00
,,,,,,,,,,,,,,2.11E+00,
