t,r,N_n,N_t,C_h,pH
0.0,0.0,50006486.016524926,99987.15768728066,9.998702796695016e-10,7.6
0.0,0.005,50010692.733588226,99978.82838749532,9.997861453282356e-10,7.6
0.0,0.01,50017626.89189356,99965.09875405075,9.996474621621287e-10,7.6
0.0,0.015,50029055.18671508,99942.47073030415,9.994188962656984e-10,7.6
0.0,0.02,50047885.852623016,99905.18601180644,9.9904228294754e-10,7.6
0.0,0.025,50078901.40302019,99843.77522202002,9.984219719395963e-10,7.6
0.0,0.03,50129953.388116166,99742.69229152998,9.974009322376767e-10,7.6
0.0,0.035,50213896.27098525,99576.48538344921,9.957220745802952e-10,7.6
0.0,0.04,50351679.35774975,99303.67487165547,9.929664128450049e-10,7.6
0.0,0.045,50577187.62419611,98857.1685040917,9.88456247516078e-10,7.6
0.0,0.05,50944548.09685195,98129.79476823314,9.811090380629612e-10,7.6
0.0,0.055,51538442.967857406,96953.88292364235,9.69231140642852e-10,7.6
0.0,0.06,52486825.57792784,95076.08535570289,9.502634884414433e-10,7.6
0.0,0.065,53971927.45919892,92135.58363078613,9.205614508160217e-10,7.6
0.0,0.07,56227667.909370825,87669.21753944576,8.754466418125835e-10,7.6
0.0,0.075,59500078.30076565,81189.84496448403,8.099984339846871e-10,7.6
0.0,0.08,63944241.09885685,72390.40262426343,7.21115178022863e-10,7.6
0.0,0.085,69468038.3025389,61453.284160972944,6.106392339492218e-10,7.6
0.0,0.09,75624869.82421052,49262.75774806318,4.875026035157897e-10,7.6
0.0,0.095,81706779.55054004,37220.576489930725,3.658644089891992e-10,7.6
0.0,0.1,87038744.9591077,26663.28498096674,2.5922510081784586e-10,7.6
0.0,0.105,91245686.59179801,18333.540548239944,1.7508626816403985e-10,7.6
0.0,0.11,94297380.93601045,12291.185746699293,1.1405238127979085e-10,7.6
0.0,0.115,96378675.7319241,8170.222050790251,7.242648536151769e-11,7.6
0.0,0.12,97739126.32583562,5476.52987484546,4.5217473483287474e-11,7.6
0.0,0.125,98603871.31079635,3764.334804623225,2.792257378407298e-11,7.6
0.0,0.13,99143798.33421361,2695.2792982570427,1.7124033315727705e-11,7.6
0.0,0.135,99477164.6884041,2035.213916959884,1.0456706231918023e-11,7.6
0.0,0.14,99681574.22465923,1630.4830351747341,6.368515506815498e-12,7.6
0.0,0.145,99806379.82796645,1383.3679406264314,3.872403440671024e-12,7.6
0.0,0.15,99882384.2214511,1232.8792415268367,2.3523155709781474e-12,7.6
0.0,0.155,99928596.33557886,1141.3792555538366,1.4280732884225934e-12,7.6
0.0,0.16,99956667.13944605,1085.799063896841,8.666572110792027e-13,7.6
0.0,0.165,99973708.32596016,1052.057514598869,5.258334807966558e-13,7.6
0.0,0.17,99984049.99355367,1031.5810127637558,3.190001289268274e-13,7.6
0.0,0.17500000000000002,99990324.61764494,1019.1572570630285,1.9350764710129865e-13,7.6
0.0,0.18,99994131.13710596,1011.6203485302324,1.1737725788113497e-13,7.6
0.0,0.185,99996440.1903096,1007.0484231869885,7.119619380796527e-14,7.6
0.0,0.19,99997840.8057934,1004.2752045290672,4.3183884131992036e-14,7.6
0.0,0.195,99998690.36026064,1002.5930866839399,2.619279478727199e-14,7.6
0.0,0.2,99999205.65515833,1001.5728027865072,1.588689683340583e-14,7.6
0.0,0.20500000000000002,99999518.20248742,1000.9539590749037,9.63595025155195e-15,7.6
0.0,0.21,99999707.7739289,1000.5786076207994,5.8445214222158096e-15,7.6
0.0,0.215,99999822.75552072,1000.3509440690012,3.5448895858714026e-15,7.6
0.0,0.22,99999892.4956391,1000.212858634592,2.150087218100172e-15,7.6
0.0,0.225,99999934.7952539,1000.1291053972885,1.304094922105481e-15,7.6
0.0,0.23,99999960.45130204,1000.0783064219684,7.909739592748544e-16,7.6
0.0,0.23500000000000001,99999976.01249467,1000.0474952605575,4.797501066411414e-16,7.6
0.0,0.24,99999985.45083983,1000.0288073371553,2.9098320358800225e-16,7.6
0.0,0.245,99999991.17548726,1000.0174725352088,1.7649025463306602e-16,7.6
0.0,0.25,99999994.64766209,1000.0105976290488,1.0704675806882947e-16,7.6
0.0,0.255,99999996.75364283,1000.0064277872061,6.492714349493056e-17,7.6
0.0,0.26,99999998.0309848,1000.0038986501144,3.938030418426664e-17,7.6
0.0,0.265,99999998.80573188,1000.0023646508621,2.3885362243625255e-17,7.6
0.0,0.27,99999999.27563976,1000.0014342332611,1.4487204658131248e-17,7.6
0.0,0.275,99999999.5606533,1000.0008699064508,8.786933847204637e-18,7.6
0.0,0.28,99999999.73352276,1000.0005276249358,5.329544805476871e-18,7.6
0.0,0.28500000000000003,99999999.8383734,1000.0003200207029,3.232532352903661e-18,7.6
0.0,0.29,99999999.90196851,1000.0001941023692,1.960629991692997e-18,7.6
0.0,0.295,99999999.94054088,1000.0001177290376,1.1891821971588001e-18,7.6
0.0,0.3,99999999.96393622,1000.0000714062729,7.212754837837565e-19,7.6
0.0,0.305,99999999.97812621,1000.0000433100965,4.374757223146731e-19,7.6
0.0,0.31,99999999.98673287,1000.000026268899,2.653424147069927e-19,7.6
0.0,0.315,99999999.99195307,1000.0000159328935,1.609383182277213e-19,7.6
0.0,0.32,99999999.99511929,1000.0000096637888,9.761402797181518e-20,7.6
0.0,0.325,99999999.99703969,1000.0000058613858,5.920591794605912e-20,7.6
0.0,0.33,99999999.9982045,1000.0000035551118,3.5910219242651924e-20,7.6
0.0,0.335,99999999.99891098,1000.0000021562827,2.178063285285248e-20,7.6
0.0,0.34,99999999.99933948,1000.0000013078549,1.3210654792317202e-20,7.6
0.0,0.34500000000000003,99999999.99959937,1000.000000793252,8.012646102173449e-21,7.6
0.0,0.35000000000000003,99999999.999757,1000.0000004811347,4.859945779145392e-21,7.6
0.0,0.355,99999999.99985263,1000.0000002918221,2.947697641531022e-21,7.6
0.0,0.36,99999999.99991061,1000.0000001769968,1.787847647705121e-21,7.6
0.0,0.365,99999999.99994577,1000.0000001073565,1.0844103393026218e-21,7.6
0.0,0.37,99999999.99996711,1000.0000000651174,6.577516309391741e-22,7.6
0.0,0.375,99999999.99998005,1000.0000000394969,3.9895864389905005e-22,7.6
0.0,0.38,99999999.9999879,1000.0000000239553,2.4197310821705287e-22,7.6
0.0,0.385,99999999.99999265,1000.0000000145304,1.467714838554457e-22,7.6
0.0,0.39,99999999.99999554,1000.0000000088149,8.903988657493756e-23,7.6
0.0,0.395,99999999.9999973,1000.0000000053473,5.401235014801387e-23,7.6
0.0,0.4,99999999.99999836,1000.0000000032425,3.275157922644212e-23,7.6
0.0,0.405,99999999.99999902,1000.0000000019674,1.9872992140790302e-23,7.6
0.0,0.41000000000000003,99999999.9999994,1000.0000000011927,1.204591981718295e-23,7.6
0.0,0.41500000000000004,99999999.99999964,1000.0000000007254,7.327471962526034e-24,7.6
0.0,0.42,99999999.99999978,1000.0000000004396,4.440892098500626e-24,7.6
0.0,0.425,99999999.99999987,1000.0000000002639,2.664535259100376e-24,7.6
0.0,0.43,99999999.99999993,1000.0000000001594,1.609823385706477e-24,7.6
0.0,0.435,99999999.99999994,1000.0000000000989,9.99200722162641e-25,7.6
0.0,0.44,99999999.99999997,1000.0000000000604,6.1062266354383615e-25,7.6
0.0,0.445,99999999.99999999,1000.000000000033,3.33066907387547e-25,7.6
0.0,0.45,100000000.0,1000.0000000000219,2.220446049250313e-25,7.6
0.0,0.455,99999999.99999999,1000.000000000011,1.1102230246251566e-25,7.6
0.0,0.46,100000000.0,1000.0000000000056,5.551115123125783e-26,7.6
0.0,0.465,100000000.0,1000.0000000000056,5.551115123125783e-26,7.6
0.0,0.47000000000000003,100000000.0,1000.0,0.0,7.6
0.0,0.47500000000000003,100000000.0,1000.0,0.0,7.6
0.0,0.48,100000000.0,1000.0,0.0,7.6
0.0,0.485,100000000.0,1000.0,0.0,7.6
0.0,0.49,100000000.0,1000.0,0.0,7.6
0.0,0.495,100000000.0,1000.0,0.0,7.6
0.0,0.5,100000000.0,1000.0,0.0,7.6
1002240.0,0.0,49909473.52383316,271464.505597102,4.299616769103733e-09,7.6
1002240.0,0.005,49911164.34169905,271442.2379242973,4.292748020180099e-09,7.6
1002240.0,0.01,49914033.06435827,271405.1346312028,4.277635695265322e-09,7.6
1002240.0,0.015,49918735.762089945,271343.97645961365,4.2538546447827986e-09,7.6
1002240.0,0.02,49926341.807640985,271243.3812806446,4.2211477372763435e-09,7.6
1002240.0,0.025,49938600.04426852,271078.152057474,4.179410546883582e-09,7.6
1002240.0,0.03,49958371.29485687,270807.5517051134,4.12859313021232e-09,7.6
1002240.0,0.035,49990317.29027884,270365.67108972225,4.068673033598038e-09,7.6
1002240.0,0.04,50041979.095400505,269649.82395594893,3.999649784319134e-09,7.6
1002240.0,0.045,50125406.136772655,268496.1075145615,3.921549144604899e-09,7.6
1002240.0,0.05,50259459.70298834,266682.47362117696,3.834434744464529e-09,7.6
1002240.0,0.055,50472664.19243236,263809.927201792,3.738427777958834e-09,7.6
1002240.0,0.06,50805705.89777991,259719.00125108063,3.633734062326134e-09,7.6
1002240.0,0.065,51310953.44855491,252822.68849792454,3.520682473673534e-09,7.6
1002240.0,0.07,51651277.527124405,244929.06301744407,3.3997919095906882e-09,7.6
1002240.0,0.075,51654088.37233761,221665.54197393864,3.2719214423676207e-09,7.6
1002240.0,0.08,51657014.612897515,204629.11132223357,3.1388026573067523e-09,7.6
1002240.0,0.085,51660014.902483575,169069.9980472698,3.0021617931549986e-09,7.6
1002240.0,0.09,51663032.798582226,137056.9966275726,2.8647059344511403e-09,7.6
1002240.0,0.095,51666009.61663174,99786.49541977886,2.7290872105290373e-09,7.6
1002240.0,0.1,51668889.63443149,70893.09164856597,2.5979433508068817e-09,7.6
1002240.0,0.105,51671631.02966513,47309.136140378665,2.4731768355158356e-09,7.6
1002240.0,0.11,51674207.79297197,31564.08604285197,2.355980404665493e-09,7.6
1002240.0,0.115,51676608.87101816,20695.96814623348,2.2468310151147095e-09,7.6
1002240.0,0.12,51678833.981766745,13919.042941815062,2.1457244383478215e-09,7.6
1002240.0,0.125,51680889.801584214,9570.089656419139,2.0523385516375053e-09,7.6
1002240.0,0.13,51682786.74682242,6921.558721423939,1.9661886015755782e-09,7.6
1002240.0,0.135,51684536.872082934,5274.603830742489,1.8867183602296485e-09,7.6
1002240.0,0.14,51686152.53973253,4277.717255853717,1.8133611669789086e-09,7.6
1002240.0,0.145,51687645.68793651,3666.3844496049364,1.745571422081339e-09,7.6
1002240.0,0.15,51689027.45604875,3296.5686491269753,1.6828412269730916e-09,7.6
1002240.0,0.155,51690308.034588724,3071.2022595771823,1.6247065583903237e-09,7.6
1002240.0,0.16,51691496.63806716,2934.7802555664694,1.570748252408489e-09,7.6
1002240.0,0.165,51692601.54465972,2851.8809229549533,1.5205899753683038e-09,7.6
1002240.0,0.17,51693630.16696352,2801.665351328687,1.4738948983307366e-09,7.6
1002240.0,0.17500000000000002,51694589.13459867,2771.189766425017,1.430361864269445e-09,7.6
1002240.0,0.18,51695484.37774563,2752.7211164338405,1.389721549168456e-09,7.6
1002240.0,0.185,51696321.20626073,2741.5187432488437,1.3517328397874775e-09,7.6
1002240.0,0.19,51697104.381872915,2734.7281493281434,1.3161795374034382e-09,7.6
1002240.0,0.195,51697838.18272775,2730.6101511612696,1.2828674162763716e-09,7.6
1002240.0,0.2,51698526.46033795,2728.1135550997883,1.2516216304860287e-09,7.6
1002240.0,0.20500000000000002,51699172.68951002,2726.5996701478866,1.2222844431414344e-09,7.6
1002240.0,0.21,51699780.01191717,2725.681777422832,1.1947132451185652e-09,7.6
1002240.0,0.215,51700351.27408273,2725.1251952902508,1.1687788288881596e-09,7.6
1002240.0,0.22,51700889.06047802,2724.787712987574,1.1443638846878837e-09,7.6
1002240.0,0.225,51701395.72239112,2724.583072482816,1.1213616892383234e-09,7.6
1002240.0,0.23,51701873.403138176,2724.4589847877123,1.0996749606443592e-09,7.6
1002240.0,0.23500000000000001,51702324.06012506,2724.38374003034,1.0792148565312359e-09,7.6
1002240.0,0.24,51702749.48419071,2724.3381127262123,1.0599000956316768e-09,7.6
1002240.0,0.245,51703151.31660983,2724.310444571714,1.041656185865134e-09,7.6
1002240.0,0.25,51703531.06406657,2724.293666663415,1.0244147444157254e-09,7.6
1002240.0,0.255,51703890.11187914,2724.2834924459703,1.0081128974365617e-09,7.6
1002240.0,0.26,51704229.73569571,2724.277322717459,9.9269274881823e-10,7.6
1002240.0,0.265,51704551.1118791,2724.2735812972473,9.78100908996153e-10,7.6
1002240.0,0.27,51704855.32673138,2724.2713124327015,9.642880760734379e-10,7.6
1002240.0,0.275,51705143.384716995,2724.2699365447806,9.512086626375654e-10,7.6
1002240.0,0.28,51705416.215797216,2724.2691021563382,9.38820462581893e-10,7.6
1002240.0,0.28500000000000003,51705674.68200263,2724.2685961778557,9.270843530331886e-10,7.6
1002240.0,0.29,51705919.58331597,2724.2682893102087,9.159640271570083e-10,7.6
1002240.0,0.295,51706151.66295998,2724.268103238026,9.054257541828896e-10,7.6
1002240.0,0.3,51706371.61215504,2724.267990378299,8.95438163477095e-10,7.6
1002240.0,0.305,51706580.07440469,2724.267921943588,8.859720499054496e-10,7.6
1002240.0,0.31,51706777.64936975,2724.2678804426823,8.770001980838198e-10,7.6
1002240.0,0.315,51706964.89637305,2724.2678552679818,8.684972234183777e-10,7.6
1002240.0,0.32,51707142.337567404,2724.2678400082145,8.604394280996955e-10,7.6
1002240.0,0.325,51707310.46081636,2724.2678307462734,8.528046704404788e-10,7.6
1002240.0,0.33,51707469.72231376,2724.2678251358116,8.455722461417936e-10,7.6
1002240.0,0.335,51707620.54895544,2724.267821728652,8.387227802415188e-10,7.6
1002240.0,0.34,51707763.34052021,2724.2678196663655,8.322381286453298e-10,7.6
1002240.0,0.34500000000000003,51707898.47164165,2724.267818410323,8.261012882679765e-10,7.6
1002240.0,0.35000000000000003,51708026.29361922,2724.2678176571803,8.202963149237194e-10,7.6
1002240.0,0.355,51708147.136077605,2724.2678171878006,8.148082482017973e-10,7.6
1002240.0,0.36,51708261.308474936,2724.2678169168425,8.096230426477048e-10,7.6
1002240.0,0.365,51708369.10150145,2724.267816742502,8.047275046454911e-10,7.6
1002240.0,0.37,51708470.78835541,2724.267816638712,8.001092344616806e-10,7.6
1002240.0,0.375,51708566.62590759,2724.267816585229,7.957565729689571e-10,7.6
1002240.0,0.38,51708656.85579957,2724.2678165323946,7.916585526184874e-10,7.6
1002240.0,0.385,51708741.705419116,2724.267816527308,7.87804852274566e-10,7.6
1002240.0,0.39,51708821.388832144,2724.2678164950858,7.841857555648881e-10,7.6
1002240.0,0.395,51708896.107626595,2724.267816504213,7.807921124348971e-10,7.6
1002240.0,0.4,51708966.05168784,2724.267816482841,7.776153036258029e-10,7.6
1002240.0,0.405,51709031.39993375,2724.267816494967,7.746472078235998e-10,7.6
1002240.0,0.41000000000000003,51709092.32097797,2724.267816479921,7.718801712510562e-10,7.6
1002240.0,0.41500000000000004,51709148.973749705,2724.267816487438,7.693069794966668e-10,7.6
1002240.0,0.42,51709201.50807559,2724.2678164841386,7.66920831394174e-10,7.6
1002240.0,0.425,51709250.06520657,2724.267816480022,7.647153147838437e-10,7.6
1002240.0,0.43,51709294.77832062,2724.267816489011,7.626843840023881e-10,7.6
1002240.0,0.435,51709335.77297764,2724.2678164749195,7.608223389625335e-10,7.6
1002240.0,0.44,51709373.16755157,2724.2678164923614,7.591238056958834e-10,7.6
1002240.0,0.445,51709407.07363056,2724.26781647338,7.57583718244099e-10,7.6
1002240.0,0.45,51709437.596385315,2724.267816491434,7.561973017936656e-10,7.6
1002240.0,0.455,51709464.83491645,2724.2678164759295,7.549600569587285e-10,7.6
1002240.0,0.46,51709488.88258065,2724.2678164869803,7.538677451248172e-10,7.6
1002240.0,0.465,51709509.82728815,2724.2678164826825,7.529163747737825e-10,7.6
1002240.0,0.47000000000000003,51709527.75178292,2724.267816477985,7.521021887170867e-10,7.6
1002240.0,0.47500000000000003,51709542.73391201,2724.267816492191,7.514216521707222e-10,7.6
1002240.0,0.48,51709554.846863665,2724.2678164704166,7.508714416106268e-10,7.6
1002240.0,0.485,51709564.15940252,2724.267816496797,7.5044843435252e-10,7.6
1002240.0,0.49,51709570.73608073,2724.267816468097,7.501496988046764e-10,7.6
1002240.0,0.495,51709574.63744015,2724.2678164975414,7.499724853463433e-10,7.6
1002240.0,0.5,51709575.920201026,2724.267816468113,7.499142177882915e-10,7.6
2004480.0,0.0,49714737.09200876,732700.607017487,1.1645211853687968e-08,7.6
2004480.0,0.005,49715758.29285261,732643.7582847129,1.1626678086021086e-08,7.6
2004480.0,0.01,49717692.70994723,732544.3233537257,1.1585900766977562e-08,7.6
2004480.0,0.015,49720805.774149604,732379.4684553113,1.1521732725005483e-08,7.6
2004480.0,0.02,49725504.55240621,732108.6447408957,1.1433480143268224e-08,7.6
2004480.0,0.025,49732435.922205724,731663.0094039008,1.1320861226155328e-08,7.6
2004480.0,0.03,49742649.968864635,730940.1446920551,1.1183741079563756e-08,7.6
2004480.0,0.035,49757851.575432606,729742.7806924577,1.1022058803025984e-08,7.6
2004480.0,0.04,49780789.110090226,727891.3516490989,1.0835811990792699e-08,7.6
2004480.0,0.045,49815832.81639911,724634.7710066056,1.0625067980245571e-08,7.6
2004480.0,0.05,49869771.190541916,720617.3099384237,1.0389991359380965e-08,7.6
2004480.0,0.055,49952740.48050735,710746.6697847083,1.0130893639821488e-08,7.6
2004480.0,0.06,50078885.3141017,707837.5359865846,9.84831397116284e-09,7.6
2004480.0,0.065,50265703.02792274,671335.6824379071,9.542956972156642e-09,7.6
2004480.0,0.07,50392913.83056701,691808.0358595151,9.216575865563055e-09,7.6
2004480.0,0.075,50401444.17397759,569466.8434285162,8.869990177393069e-09,7.6
2004480.0,0.08,50410311.217043936,590771.0305953257,8.510223096955087e-09,7.6
2004480.0,0.085,50419437.48810347,435316.8104554188,8.13922290166646e-09,7.6
2004480.0,0.09,50428610.0969611,393171.49853172945,7.766687592024084e-09,7.6
2004480.0,0.095,50437672.83970705,256574.06991454784,7.398254172283158e-09,7.6
2004480.0,0.1,50446430.13678533,199118.26517334918,7.042516550926968e-09,7.6
2004480.0,0.105,50454763.67026325,121317.92859922086,6.703961898640785e-09,7.6
2004480.0,0.11,50462587.5211185,87081.02607498117,6.386299823857619e-09,7.6
2004480.0,0.115,50469873.86436757,53393.92075340568,6.0905075842021895e-09,7.6
2004480.0,0.12,50476621.694735445,37920.83097043853,5.816671400254572e-09,7.6
2004480.0,0.125,50482854.032408684,25031.073734473503,5.563793952110004e-09,7.6
2004480.0,0.13,50488603.05040603,18732.206748245695,5.330572353955942e-09,7.6
2004480.0,0.135,50493906.33789493,14024.210636669206,5.115457770247804e-09,7.6
2004480.0,0.14,50498801.69433062,11572.03471582779,4.9169128060729125e-09,7.6
2004480.0,0.145,50503325.643597014,9873.821844720287,4.7334467285914964e-09,7.6
2004480.0,0.15,50507512.06717154,8940.917614439093,4.563681862606333e-09,7.6
2004480.0,0.155,50511391.9419284,8327.900863635763,4.406357859798001e-09,7.6
2004480.0,0.16,50514993.221686415,7977.830961545062,4.2603388078548345e-09,7.6
2004480.0,0.165,50518341.0071148,7755.521073141668,4.12460476523786e-09,7.6
2004480.0,0.17,50521457.757726766,7625.284474137125,3.998243560358988e-09,7.6
2004480.0,0.17500000000000002,50524363.55516115,7544.287788576562,3.880439710390391e-09,7.6
2004480.0,0.18,50527076.357524544,7496.092524445357,3.770464136838045e-09,7.6
2004480.0,0.185,50529612.242517926,7466.478268825138,3.6676641877220943e-09,7.6
2004480.0,0.19,50531985.62692106,7448.699016778086,3.5714547155735366e-09,7.6
2004480.0,0.195,50534209.46297059,7437.8463335841925,3.4813100704330278e-09,7.6
2004480.0,0.2,50536295.41113521,7431.299046701301,3.3967570736964875e-09,7.6
2004480.0,0.20500000000000002,50538253.991500676,7427.316312153504,3.3173688594008094e-09,7.6
2004480.0,0.21,50540094.71576865,7424.907461532527,3.242759507990433e-09,7.6
2004480.0,0.215,50541826.202286,7423.444688786276,3.172579370779189e-09,7.6
2004480.0,0.22,50543456.27624951,7422.558829655051,3.1065109984599553e-09,7.6
2004480.0,0.225,50544992.0570684,7422.021338630854,3.0442655912048844e-09,7.6
2004480.0,0.23,50546440.03467369,7421.695624787434,2.9855798991748893e-09,7.6
2004480.0,0.23500000000000001,50547806.13627851,7421.4980737748265,2.930213510905837e-09,7.6
2004480.0,0.24,50549095.78491371,7421.378322428191,2.8779464759878212e-09,7.6
2004480.0,0.245,50550313.950872965,7421.30570258095,2.8285772160306433e-09,7.6
2004480.0,0.25,50551465.197028816,7421.261675130704,2.781920684660473e-09,7.6
2004480.0,0.255,50552553.718850166,7421.234977335172,2.7378067430323035e-09,7.6
2004480.0,0.26,50553583.37980052,7421.218789924825,2.696078722260619e-09,7.6
2004480.0,0.265,50554557.74275908,7421.208974143186,2.6565921483336e-09,7.6
2004480.0,0.27,50555480.097943805,7421.20302230299,2.619213608604885e-09,7.6
2004480.0,0.275,50556353.48778755,7421.199413325184,2.5838197419402567e-09,7.6
2004480.0,0.28,50557180.72915737,7421.197224703073,2.5502963371222167e-09,7.6
2004480.0,0.28500000000000003,50557964.4332269,7421.195897884956,2.518537526254682e-09,7.6
2004480.0,0.29,50558707.02329328,7421.1950929274635,2.488445061725279e-09,7.6
2004480.0,0.295,50559410.7507842,7421.194605174881,2.459927666826055e-09,7.6
2004480.0,0.3,50560077.70964807,7421.194309118982,2.432900451447908e-09,7.6
2004480.0,0.305,50560709.849346995,7421.194129741556,2.407284385386923e-09,7.6
2004480.0,0.31,50561308.98656986,7421.194020943652,2.3830058227612815e-09,7.6
2004480.0,0.315,50561876.81583769,7421.193954903174,2.3599960718618915e-09,7.6
2004480.0,0.32,50562414.919112,7421.1939149543505,2.3381910054685192e-09,7.6
2004480.0,0.325,50562924.774504475,7421.193890615291,2.317530707274177e-09,7.6
2004480.0,0.33,50563407.76420331,7421.193875968705,2.2979591505883524e-09,7.6
2004480.0,0.335,50563865.18167528,7421.193866979526,2.279423905946609e-09,7.6
2004480.0,0.34,50564298.238243654,7421.193861640637,2.2618758746507767e-09,7.6
2004480.0,0.34500000000000003,50564708.0690729,7421.193858266203,2.245269045608814e-09,7.6
2004480.0,0.35000000000000003,50565095.73865516,7421.193856393371,2.229560273144099e-09,7.6
2004480.0,0.355,50565462.24581776,7421.193855056019,2.214709073706375e-09,7.6
2004480.0,0.36,50565808.528318875,7421.193854432702,2.2006774396464072e-09,7.6
2004480.0,0.365,50566135.46705367,7421.193853942338,2.187429668417713e-09,7.6
2004480.0,0.37,50566443.88992865,7421.193853626388,2.1749322057458033e-09,7.6
2004480.0,0.375,50566734.57540871,7421.193853616979,2.1631535014609612e-09,7.6
2004480.0,0.38,50567008.25579636,7421.193853270255,2.1520638768279526e-09,7.6
2004480.0,0.385,50567265.62024026,7421.193853518407,2.141635402327293e-09,7.6
2004480.0,0.39,50567507.31751849,7421.193853148495,2.1318417849498484e-09,7.6
2004480.0,0.395,50567733.9586018,7421.193853457219,2.1226582641618127e-09,7.6
2004480.0,0.4,50567946.119022876,7421.193853133692,2.1140615157811313e-09,7.6
2004480.0,0.405,50568144.34107744,7421.193853400736,2.1060295630818034e-09,7.6
2004480.0,0.41000000000000003,50568329.135840885,7421.193853175586,2.098541694508843e-09,7.6
2004480.0,0.41500000000000004,50568500.98505739,7421.193853311484,2.091578387446597e-09,7.6
2004480.0,0.42,50568660.34288475,7421.193853271952,2.0851212375358902e-09,7.6
2004480.0,0.425,50568807.63750164,7421.193853202613,2.079152893083295e-09,7.6
2004480.0,0.43,50568943.27262363,7421.193853367795,2.0736569941481367e-09,7.6
2004480.0,0.435,50569067.628887266,7421.193853120629,2.0686181159311177e-09,7.6
2004480.0,0.44,50569181.06515974,7421.193853424017,2.0640217161226888e-09,7.6
2004480.0,0.445,50569283.919739224,7421.193853096624,2.059854085899946e-09,7.6
2004480.0,0.45,50569376.511487804,7421.193853408905,2.0561023042887754e-09,7.6
2004480.0,0.455,50569459.14087132,7421.193853150578,2.0527541956326204e-09,7.6
2004480.0,0.46,50569532.09094858,7421.193853317869,2.049798289932126e-09,7.6
2004480.0,0.465,50569595.62827608,7421.193853274555,2.047223785839893e-09,7.6
2004480.0,0.47000000000000003,50569650.003765695,7421.193853169902,2.0450205161133156e-09,7.6
2004480.0,0.47500000000000003,50569695.453476876,7421.1938534270985,2.043178915344865e-09,7.6
2004480.0,0.48,50569732.199363776,7421.193853038476,2.0416899898043974e-09,7.6
2004480.0,0.485,50569760.449966,7421.193853522008,2.0405452892418226e-09,7.6
2004480.0,0.49,50569780.40106803,7421.193852978231,2.0397368805106686e-09,7.6
2004480.0,0.495,50569792.23629894,7421.193853552456,2.039257322884766e-09,7.6
2004480.0,0.5,50569796.12770656,7421.1938529677855,2.039099644950073e-09,7.6
3006720.0,0.0,49220049.925778925,1946896.3767806895,3.115389614363873e-08,7.506487632219187
3006720.0,0.005,49221488.63019101,1946762.4946596336,3.1104677477636584e-08,7.5071742974690014
3006720.0,0.01,49224539.43408722,1946502.6485392516,3.0996387704596895e-08,7.508688915564773
3006720.0,0.015,49229365.75387417,1946065.1117967293,3.0825980352461945e-08,7.5110831027324165
3006720.0,0.02,49236157.036128305,1945343.3624834185,3.059161301741748e-08,7.514397623175673
3006720.0,0.025,49245167.11455622,1944164.725820316,3.029253745018465e-08,7.5186643465265846
3006720.0,0.03,49256789.26151311,1942226.4121535933,2.992839551580092e-08,7.523916565395429
3006720.0,0.035,49271652.34558349,1939137.6287188714,2.9499024926766613e-08,7.530192339137884
3006720.0,0.04,49290763.40782373,1933998.881198128,2.9004417959902235e-08,7.537535845222723
3006720.0,0.045,49315716.7256944,1926255.4619026086,2.8444750405987505e-08,7.54599787268116
3006720.0,0.05,49348978.42445076,1913622.3294357974,2.7820439986981443e-08,7.555636005817476
3006720.0,0.055,49394208.724890046,1892950.620014931,2.7132333581075545e-08,7.566512852099062
3006720.0,0.06,49456470.585739836,1877271.0335320178,2.6381667426342957e-08,7.578697758783037
3006720.0,0.065,49541926.027695306,1792716.0927338707,2.5570566313131195e-08,7.592259653516708
3006720.0,0.07,49606788.58424101,1840092.1663693904,2.47030873876647e-08,7.6
3006720.0,0.075,49629886.61716431,1519319.050629003,2.378168096777439e-08,7.6
3006720.0,0.08,49653871.431614384,1583402.7067984398,2.2824715218177866e-08,7.6
3006720.0,0.085,49678629.42909215,1162753.029704454,2.183697798051006e-08,7.6
3006720.0,0.09,49703501.555136845,1064806.696944313,2.0844475654459104e-08,7.6
3006720.0,0.095,49728126.476209134,686979.475932116,1.9861665540975166e-08,7.6
3006720.0,0.1,49751915.156204216,543696.8755831015,1.8912115353522797e-08,7.6
3006720.0,0.105,49774573.704137295,325091.9726165368,1.800757945214403e-08,7.6
3006720.0,0.11,49795842.970878266,238652.47989787857,1.7158541289943968e-08,7.6
3006720.0,0.115,49815658.692698605,143207.5655836037,1.63675653787034e-08,7.6
3006720.0,0.12,49834009.41588786,103904.56187924437,1.5635170902630372e-08,7.6
3006720.0,0.125,49850961.6051457,67342.67636099308,1.4958683929577152e-08,7.6
3006720.0,0.13,49866600.01276195,51200.981071925584,1.4334729936499082e-08,7.6
3006720.0,0.135,49881027.85455913,37910.181319207404,1.3759167140997195e-08,7.6
3006720.0,0.14,49894347.028704785,31553.332480306774,1.3227919416644732e-08,7.6
3006720.0,0.145,49906656.98630633,26799.161045932386,1.2737000680461132e-08,7.6
3006720.0,0.15,49918049.521518104,24352.389944771923,1.2282736366278295e-08,7.6
3006720.0,0.155,49928608.80270562,22652.239946506812,1.1861755713421992e-08,7.6
3006720.0,0.16,49938410.68245905,21724.98307331488,1.1471022830894444e-08,7.6
3006720.0,0.165,49947523.33371158,21113.601576773464,1.1107809338421366e-08,7.6
3006720.0,0.17,49956007.73955734,20766.08697843988,1.076967550789127e-08,7.6
3006720.0,0.17500000000000002,49963918.445705764,20544.797899241457,1.0454439571356636e-08,7.6
3006720.0,0.18,49971304.23139564,20415.558470946216,1.016015095780434e-08,7.6
3006720.0,0.185,49978208.7765081,20335.026444068408,9.885063392108033e-09,7.6
3006720.0,0.19,49984671.25267198,20287.204487033676,9.627611203180771e-09,7.6
3006720.0,0.195,49990726.85724082,20257.782899411864,9.386387867101164e-09,7.6
3006720.0,0.2,49996407.28096655,20240.142143667577,9.160127250506343e-09,7.6
3006720.0,0.20500000000000002,50001741.11876971,20229.36605099432,8.94768712863217e-09,7.6
3006720.0,0.21,50006754.2275902,20222.870211425976,8.748034837299277e-09,7.6
3006720.0,0.215,50011470.03842502,20218.917214099834,8.560234762940044e-09,7.6
3006720.0,0.22,50015909.82810854,20216.527537298127,8.383437450902175e-09,7.6
3006720.0,0.225,50020092.95637973,20215.076143775015,8.21687010715486e-09,7.6
3006720.0,0.23,50024037.07291488,20214.197447895407,8.05982830535335e-09,7.6
3006720.0,0.23500000000000001,50027758.2985146,20213.664270657326,7.911668731249906e-09,7.6
3006720.0,0.24,50031271.3839845,20213.341235881973,7.771802821566804e-09,7.6
3006720.0,0.245,50034589.84979381,20213.14531000895,7.639691174135889e-09,7.6
3006720.0,0.25,50037726.10909984,20213.026560695434,7.514838624372173e-09,7.6
3006720.0,0.255,50040691.57639647,20212.95455046093,7.396789898396018e-09,7.6
3006720.0,0.26,50043496.76367388,20212.91089747813,7.285125766306783e-09,7.6
3006720.0,0.265,50046151.365729846,20212.884427845584,7.179459630227906e-09,7.6
3006720.0,0.27,50048664.3360183,20212.86837989507,7.079434491188852e-09,7.6
3006720.0,0.275,50051043.95424378,20212.858649805446,6.984720246887485e-09,7.6
3006720.0,0.28,50053297.8867076,20212.852749252037,6.895011279134531e-09,7.6
3006720.0,0.28500000000000003,50055433.24031486,20212.84917296011,6.810024295505002e-09,7.6
3006720.0,0.29,50057456.610988386,20212.84700279013,6.7294963945783874e-09,7.6
3006720.0,0.295,50059374.12716095,20212.845688528174,6.653183328279203e-09,7.6
3006720.0,0.3,50061191.48890661,20212.84489035273,6.580857938346328e-09,7.6
3006720.0,0.305,50062914.00323224,20212.844407075238,6.51230874696461e-09,7.6
3006720.0,0.31,50064546.6159334,20212.844113878313,6.447338684161842e-09,7.6
3006720.0,0.315,50066093.940425456,20212.843935851117,6.385763936780769e-09,7.6
3006720.0,0.32,50067560.28385216,20212.843828324894,6.327412905731744e-09,7.6
3006720.0,0.325,50068949.670786366,20212.843762609056,6.272125259866584e-09,7.6
3006720.0,0.33,50070265.864768274,20212.843723293754,6.219751076226666e-09,7.6
3006720.0,0.335,50071512.387904085,20212.843698922396,6.170150057640861e-09,7.6
3006720.0,0.34,50072692.53873554,20212.843684711643,6.123190819710594e-09,7.6
3006720.0,0.34500000000000003,50073809.4085392,20212.84367542198,6.078750240141909e-09,7.6
3006720.0,0.35000000000000003,50074865.896231525,20212.843670602237,6.036712864189204e-09,7.6
3006720.0,0.355,50075864.72200107,20212.843666779016,5.996970360677426e-09,7.6
3006720.0,0.36,50076808.43979785,20212.843665264172,5.959421023684731e-09,7.6
3006720.0,0.365,50077699.448792286,20212.843663896252,5.923969315506021e-09,7.6
3006720.0,0.37,50078540.003895104,20212.843662924843,5.890525446991928e-09,7.6
3006720.0,0.375,50079332.22543102,20212.843663205513,5.859004991773808e-09,7.6
3006720.0,0.38,50080078.108040005,20212.843661799627,5.829328531253135e-09,7.6
3006720.0,0.385,50080779.52887592,20212.84366305911,5.801421327558035e-09,7.6
3006720.0,0.39,50081438.25517347,20212.843661408715,5.775213021956241e-09,7.6
3006720.0,0.395,50082055.95122953,20212.8436629044,5.7506373564690635e-09,7.6
3006720.0,0.4,50082634.18485108,20212.843661404906,5.727631916655258e-09,7.6
3006720.0,0.405,50083174.43332933,20212.843662674153,5.706137893736006e-09,7.6
3006720.0,0.41000000000000003,50083678.08895418,20212.843661638803,5.686099864409021e-09,7.6
3006720.0,0.41500000000000004,50084146.46413988,20212.84366227004,5.667465586860891e-09,7.6
3006720.0,0.42,50084580.79616689,20212.84366209558,5.650185811627248e-09,7.6
3006720.0,0.425,50084982.251583815,20212.843661770858,5.634214106078964e-09,7.6
3006720.0,0.43,50085351.930301756,20212.843662543222,5.619506691425345e-09,7.6
3006720.0,0.435,50085690.869390056,20212.843661391944,5.606022291227928e-09,7.6
3006720.0,0.44,50086000.046619296,20212.84366280035,5.5937219905101524e-09,7.6
3006720.0,0.445,50086280.38374492,20212.843661288676,5.582569104629918e-09,7.6
3006720.0,0.45,50086532.74957903,20212.843662722047,5.572529057157312e-09,7.6
3006720.0,0.455,50086757.9628388,20212.84366154866,5.563569266065087e-09,7.6
3006720.0,0.46,50086956.79481995,20212.843662292737,5.555659037601454e-09,7.6
3006720.0,0.465,50087129.97187295,20212.84366212564,5.548769467267467e-09,7.6
3006720.0,0.47000000000000003,50087278.17773289,20212.843661609284,5.542873347372047e-09,7.6
3006720.0,0.47500000000000003,50087402.0556792,20212.843662833056,5.537945080681126e-09,7.6
3006720.0,0.48,50087502.210567296,20212.843660992767,5.5339605997183086e-09,7.6
3006720.0,0.485,50087579.21072053,20212.84366328947,5.530897291311301e-09,7.6
3006720.0,0.49,50087633.58970324,20212.843660693874,5.528733926010661e-09,7.6
3006720.0,0.495,50087665.84797879,20212.843663449563,5.527450592039398e-09,7.6
3006720.0,0.5,50087676.454460464,20212.84366063361,5.527028633457127e-09,7.6
4008960.0,0.0,47955001.38072616,4970066.650499353,8.089953196969402e-08,7.092053990916371
4008960.0,0.005,47958236.666380726,4969777.325810106,8.077407070486384e-08,7.092728029782882
4008960.0,0.01,47965313.27710036,4969135.522810843,8.04980316016165e-08,7.094214739197447
4008960.0,0.015,47976459.85866866,4968018.841219728,8.006364872831867e-08,7.09656462174445
4008960.0,0.02,47991849.05760824,4966166.552949101,7.946622631920534e-08,7.099817410207702
4008960.0,0.025,48011617.65834502,4963142.418277385,7.870385827845123e-08,7.104003976815416
4008960.0,0.03,48035932.8605841,4958233.858199892,7.777563228217262e-08,7.109156449579048
4008960.0,0.035,48065038.22880485,4950256.585396046,7.668113463679791e-08,7.115311469569997
4008960.0,0.04,48099308.162018105,4937740.665719385,7.542034118700628e-08,7.12251150726189
4008960.0,0.045,48139323.09062755,4917469.434145697,7.399367452334965e-08,7.130805405093652
4008960.0,0.05,48185968.68660882,4886296.657738786,7.240221283953045e-08,7.140248160193581
4008960.0,0.055,48240545.87857066,4843547.811283265,7.06478749289897e-08,7.15090089709205
4008960.0,0.06,48304839.76544354,4765702.320679159,6.87338634924669e-08,7.162829243952112
4008960.0,0.065,48380966.13462265,4674005.048051169,6.666575655166111e-08,7.1760971879650235
4008960.0,0.07,48452744.52080311,4531459.618786368,6.445089823089434e-08,7.190771025649561
4008960.0,0.075,48512210.28672249,4124949.7859201124,6.210441126452023e-08,7.20687755087336
4008960.0,0.08,48574175.9548304,3859141.663809367,5.965623675828627e-08,7.224344146325256
4008960.0,0.085,48638097.93734469,3201786.3270825986,5.713519481929798e-08,7.243096287425723
4008960.0,0.09,48702536.77457069,2659344.3692614096,5.459055288272779e-08,7.262882507219924
4008960.0,0.095,48766404.37887045,1930002.3908467905,5.206955350688499e-08,7.283416146355947
4008960.0,0.1,48828291.68155181,1405768.8862893537,4.962374837651636e-08,7.304310433982529
4008960.0,0.105,48887338.60774282,926219.9881828913,4.728969931516696e-08,7.325233447375543
4008960.0,0.11,48942880.08449263,631497.814246013,4.509283708907199e-08,7.345892439491234
4008960.0,0.115,48994691.541349255,407236.358940279,4.3043494610244797e-08,7.366092476460277
4008960.0,0.12,49042729.9483604,278872.2769547962,4.1143321252550496e-08,7.385700653248103
4008960.0,0.125,49087143.060443245,189162.644515053,3.938697913609766e-08,7.4046473270058675
4008960.0,0.13,49128142.7491288,138676.33598121718,3.77660453080157e-08,7.422898490174535
4008960.0,0.135,49165988.42596722,104963.02799466418,3.6270340049521314e-08,7.440448372709105
4008960.0,0.14,49200941.57763838,85849.16582442416,3.488944363491565e-08,7.45730595598074
4008960.0,0.145,49233258.10679702,73463.50444018844,3.361319150399284e-08,7.473490250197302
4008960.0,0.15,49263175.75614567,66332.89927448136,3.243210480060177e-08,7.4890248652763285
4008960.0,0.155,49290912.93400239,61813.226456300596,3.133748551179732e-08,7.503935853820258
4008960.0,0.16,49316666.9789641,59170.6089344483,3.032146931759257e-08,7.518249757490464
4008960.0,0.165,49340615.47325745,57522.45873995862,2.9376984150448226e-08,7.531992791052461
4008960.0,0.17,49362917.47080914,56546.63422884302,2.8497697249330813e-08,7.545190231651596
4008960.0,0.17500000000000002,49383715.35462169,55944.8336563717,2.767794304353729e-08,7.557866188710775
4008960.0,0.18,49403136.55045536,55585.30243973128,2.6912653583917464e-08,7.570043478749226
4008960.0,0.185,49421295.23019924,55365.19926463592,2.6197290664033172e-08,7.581743621294863
4008960.0,0.19,49438293.83508239,55232.92070737392,2.552778453372289e-08,7.592986874444838
4008960.0,0.195,49454224.454029195,55152.30545630542,2.4900478699349724e-08,7.6
4008960.0,0.2,49469170.03478776,55103.678395457784,2.431208132960795e-08,7.6
4008960.0,0.20500000000000002,49483205.449219905,55074.12085139611,2.3759622580324726e-08,7.6
4008960.0,0.21,49496398.42275567,55056.25300308634,2.324041736188179e-08,7.6
4008960.0,0.215,49508810.34565931,55045.407728935235,2.2752032869129778e-08,7.6
4008960.0,0.22,49520496.98026026,55038.843524869786,2.2292260289457312e-08,7.6
4008960.0,0.225,49531509.07826633,55034.86216636457,2.1859090124571378e-08,7.6
4008960.0,0.23,49541892.9202269,55032.45074453848,2.1450690637397135e-08,7.6
4008960.0,0.23500000000000001,49551690.787878305,55030.98866153119,2.1065388992337252e-08,7.6
4008960.0,0.24,49560941.37854639,55030.102768499004,2.070165471838716e-08,7.6
4008960.0,0.245,49569680.16955216,55029.565712772914,2.0358085176214928e-08,7.6
4008960.0,0.25,49577939.739364475,55029.240233586796,2.0033392756880204e-08,7.6
4008960.0,0.255,49585750.05131483,55029.04292485367,1.9726393579438835e-08,7.6
4008960.0,0.26,49593138.70478442,55028.92333184726,1.9435997488734608e-08,7.6
4008960.0,0.265,49600131.15813423,55028.8508325589,1.9161199183522743e-08,7.6
4008960.0,0.27,49606750.92696773,55028.806884844795,1.8901070329560503e-08,7.6
4008960.0,0.275,49613019.76085711,55028.78024358079,1.8654752533016308e-08,7.6
4008960.0,0.28,49618957.80117823,55028.764090923854,1.8421451067099195e-08,7.6
4008960.0,0.28500000000000003,49624583.72240213,55028.75430155635,1.8200429259680756e-08,7.6
4008960.0,0.29,49629914.858771905,55028.748363105406,1.79910034623038e-08,7.6
4008960.0,0.295,49634967.318145834,55028.744766282085,1.7792538531705852e-08,7.6
4008960.0,0.3,49639756.0844492,55028.74258292967,1.760444376412833e-08,7.6
4008960.0,0.305,49644295.11007521,55028.74126066527,1.7426169230494147e-08,7.6
4008960.0,0.31,49648597.39934071,55028.74045874426,1.725720246721787e-08,7.6
4008960.0,0.315,49652675.083997004,55028.73997195538,1.709706548314933e-08,7.6
4008960.0,0.32,49656539.49165657,55028.73967771584,1.694531204808161e-08,7.6
4008960.0,0.325,49660201.20790547,55028.7394982215,1.6801525232505314e-08,7.6
4008960.0,0.33,49663670.13275382,55028.7393905368,1.6665315171963833e-08,7.6
4008960.0,0.335,49666955.53203074,55028.739324106326,1.653631703254347e-08,7.6
4008960.0,0.34,49670066.08423108,55028.73928503471,1.6414189156792715e-08,7.6
4008960.0,0.34500000000000003,49673009.92327859,55028.73925990102,1.6298611371764148e-08,7.6
4008960.0,0.35000000000000003,49675794.67760642,55028.73924644928,1.6189283442965116e-08,7.6
4008960.0,0.355,49678427.50593628,55028.739236267436,1.6085923659828982e-08,7.6
4008960.0,0.36,49680915.13004276,55028.739231933876,1.598826753991863e-08,7.6
4008960.0,0.365,49683263.86482786,55028.73922824599,1.589606664047385e-08,7.6
4008960.0,0.37,49685479.64593782,55028.73922573773,1.5809087467147118e-08,7.6
4008960.0,0.375,49687568.055149056,55028.73922615177,1.572711047085429e-08,7.6
4008960.0,0.38,49689534.343738504,55028.73922285211,1.5649929124622808e-08,7.6
4008960.0,0.385,49691383.45402576,55028.739225613965,1.5577349073163715e-08,7.6
4008960.0,0.39,49693120.03923098,55028.739221851545,1.5509187348638857e-08,7.6
4008960.0,0.395,49694748.48181285,55028.73922518412,1.5445271646758264e-08,7.6
4008960.0,0.4,49696272.910416104,55028.73922179909,1.5385439657926436e-08,7.6
4008960.0,0.405,49697697.21555111,55028.739224647354,1.5329538448681744e-08,7.6
4008960.0,0.41000000000000003,49699025.06410191,55028.73922229379,1.5277423889133636e-08,7.6
4008960.0,0.41500000000000004,49700259.91277442,55028.73922373383,1.5228960122520425e-08,7.6
4008960.0,0.42,49701405.02057207,55028.739223333185,1.5184019073376537e-08,7.6
4008960.0,0.425,49702463.46036411,55028.73922258813,1.5142479991131805e-08,7.6
4008960.0,0.43,49703438.12964147,55028.7392243484,1.5104229026259207e-08,7.6
4008960.0,0.435,49704331.76050454,55028.73922171189,1.506915883635402e-08,7.6
4008960.0,0.44,49705146.928966045,55028.73922494761,1.5037168219765664e-08,7.6
4008960.0,0.445,49705886.06359642,55028.73922147086,1.5008161774616447e-08,7.6
4008960.0,0.45,49706551.45359119,55028.73922476669,1.4982049581236606e-08,7.6
4008960.0,0.455,49707145.25627845,55028.73922206137,1.4958746906215404e-08,7.6
4008960.0,0.46,49707669.50412405,55028.73922379464,1.4938173926428677e-08,7.6
4008960.0,0.465,49708126.11127607,55028.73922338039,1.492025547154078e-08,7.6
4008960.0,0.47000000000000003,49708516.87966106,55028.73922221925,1.4904920783610542e-08,7.6
4008960.0,0.47500000000000003,49708843.50469808,55028.73922501696,1.4892103292543994e-08,7.6
4008960.0,0.48,49709107.58061817,55028.7392207968,1.4881740406242867e-08,7.6
4008960.0,0.485,49709310.60545646,55028.739226060134,1.4873773314393858e-08,7.6
4008960.0,0.49,49709453.9857135,55028.73922012037,1.4868146804927608e-08,7.6
4008960.0,0.495,49709539.04071794,55028.739226409314,1.4864809092259237e-08,7.6
4008960.0,0.5,49709567.00671671,55028.73921999889,1.486371165648833e-08,7.6
5002558.0,0.0,44997020.6858071,11481184.1068182,1.949408259524289e-07,6.710097198188157
5002558.0,0.005,45004387.215461,11480577.82407234,1.9465209571130859e-07,6.710740916112491
5002558.0,0.01,45020582.19514487,11479130.759692434,1.9401683076661111e-07,6.7121605938223
5002558.0,0.015,45046078.28263251,11476527.640348453,1.9301715915192614e-07,6.714404080661965
5002558.0,0.02,45081180.27771913,11472183.218665851,1.9164227801951658e-07,6.71750867539777
5002558.0,0.025,45126046.4593065,11465121.304318069,1.898878072849435e-07,6.721502920459762
5002558.0,0.03,45180801.475173086,11453783.104402345,1.877516536596673e-07,6.726416229172765
5002558.0,0.035,45245577.8449168,11435670.785651775,1.8523286238054742e-07,6.732281962122458
5002558.0,0.04,45320541.572166145,11407159.502990145,1.823313570870142e-07,6.73913863557557
5002558.0,0.045,45405917.16130389,11363349.378737086,1.790480406259343e-07,6.74703042723516
5002558.0,0.05,45502016.50500178,11296391.852028199,1.7538513336711105e-07,6.75600722265906
5002558.0,0.055,45609266.70277716,11196218.997618387,1.7134678341218859e-07,6.766124043900872
5002558.0,0.06,45728212.2802432,11050428.836549308,1.6693988966871507e-07,6.777439877861757
5002558.0,0.065,45859429.05207711,10815498.261362575,1.6217564875930914e-07,6.790014356064457
5002558.0,0.07,45996558.20425014,10408174.482911037,1.570738632924172e-07,6.803896074490375
5002558.0,0.075,46135921.92496826,9785333.486506468,1.5166932894524314e-07,6.819102234747732
5002558.0,0.08,46281802.56337472,8928931.997823687,1.4601518313692518e-07,6.835601982504999
5002558.0,0.085,46432433.76744493,7791400.030083361,1.4018442909167933e-07,6.853300222711091
5002558.0,0.09,46585128.7265246,6434075.615311084,1.3427127159857817e-07,6.8720168981343255
5002558.0,0.095,46737065.19308777,4988235.8052737545,1.2838425817474444e-07,6.891488223984925
5002558.0,0.1,46885257.59407916,3648242.643686058,1.2263246490455122e-07,6.911394542358745
5002558.0,0.105,47027373.26491389,2541171.25123736,1.1710858041089947e-07,6.931411283505029
5002558.0,0.11,47161759.02811659,1717917.4406980115,1.1187820316527328e-07,6.951254517288651
5002558.0,0.115,47287597.01315837,1146406.5220682921,1.0697750977565344e-07,6.970707515837897
5002558.0,0.12,47404651.437108964,771166.0539048854,1.0241812256037954e-07,6.989623189535996
5002558.0,0.125,47513124.51042277,531756.3432852707,9.81943270053295e-08,7.007913602044509
5002558.0,0.13,47613451.16725097,382799.9794957332,9.428997350093845e-08,7.0255344863159745
5002558.0,0.135,47706192.75740685,290923.0564178785,9.068357174260727e-08,7.042471382705682
5002558.0,0.14,47791947.65453219,234894.20174883914,8.735168344260043e-08,7.058728720872384
5002558.0,0.145,47871309.762259305,200763.05859127443,8.42709188293958e-08,7.07432227081875
5002558.0,0.15,47944840.93710061,180088.49050146883,8.141903075392536e-08,7.089274071948357
5002558.0,0.155,48013060.834619924,167549.73726887917,7.877542521858332e-08,7.1036092438875595
5002558.0,0.16,48076442.49603625,159968.66147308858,7.632134144264885e-08,7.117354004970362
5002558.0,0.165,48135413.22353209,155377.8403371953,7.403984359100592e-08,7.130534507364228
5002558.0,0.17,48190357.1287611,152602.73811819384,7.191571914768e-08,7.1431761723019855
5002558.0,0.17500000000000002,48241618.86847305,150923.01321486445,6.993533440236374e-08,7.155303344158532
5002558.0,0.18,48289507.534995094,149907.3353822834,6.808647754017496e-08,7.166939133503194
5002558.0,0.185,48334300.5069403,149292.6037791147,6.635820440944026e-08,7.17810537408864
5002558.0,0.19,48376247.00698779,148920.74812801727,6.474069485999832e-08,7.188822643638366
5002558.0,0.195,48415571.33121941,148695.66637233994,6.322512266898403e-08,7.199110319367327
5002558.0,0.2,48452475.719331466,148559.46323809118,6.180353981196497e-08,7.208986649882425
5002558.0,0.20500000000000002,48487142.88780055,148477.00868722395,6.046877449709417e-08,7.218468833023673
5002558.0,0.21,48519738.25103804,148427.09794587523,5.9214341837266554e-08,7.227573093506191
5002558.0,0.215,48550411.865069345,148396.8781774412,5.803436580639295e-08,7.236314757122771
5002558.0,0.22,48579300.126447506,148378.58120988432,5.692351112014507e-08,7.244708319882982
5002558.0,0.225,48606527.25790315,148367.50105656392,5.587692376129237e-08,7.252767511474657
5002558.0,0.23,48632206.608841516,148360.79104887272,5.4890178996550456e-08,7.260505352984328
5002558.0,0.23500000000000001,48656441.79559929,148356.72703257427,5.395923586799991e-08,7.267934209123574
5002558.0,0.24,48679327.70309136,148354.26549165344,5.3080397275485436e-08,7.2750658353572355
5002558.0,0.245,48700951.36656057,148352.7744149009,5.225027488826859e-08,7.281911420391183
5002558.0,0.25,48721392.749469474,148351.87115148883,5.146575823250596e-08,7.288481624485977
5002558.0,0.255,48740725.43132145,148351.323930917,5.0723987395262416e-08,7.294786614044038
5002558.0,0.26,48759017.217184745,148350.99239508176,5.0022328866720675e-08,7.300836092884974
5002558.0,0.265,48776330.67905089,148350.79151914,4.935835411132114e-08,7.3066393305852015
5002558.0,0.27,48792723.63768517,148350.66980416334,4.8729820517287206e-08,7.312205188218445
5002558.0,0.275,48808249.592422135,148350.59605107803,4.81346544238041e-08,7.317542141795708
5002558.0,0.28,48822958.10532325,148350.55135660418,4.7570935967361063e-08,7.322658303668152
5002558.0,0.28500000000000003,48836895.145235226,148350.5242738454,4.7036885524602556e-08,7.327561442124484
5002558.0,0.29,48850103.39652057,148350.50785788428,4.6530851559471545e-08,7.332258999386024
5002558.0,0.295,48862622.53662326,148350.49791176675,4.605129970832278e-08,7.336758108177507
5002558.0,0.3,48874489.486049265,148350.4918814415,4.559680295875415e-08,7.3410656070295675
5002558.0,0.305,48885738.63391714,148350.4882275557,4.516603279675851e-08,7.345188054449498
5002558.0,0.31,48896402.04179915,148350.4860130084,4.475775121293603e-08,7.349131742079954
5002558.0,0.315,48906509.62824439,148350.4846699276,4.437080347235648e-08,7.352902706950531
5002558.0,0.32,48916089.336085,148350.48385657673,4.400411156457061e-08,7.356506742914235
5002558.0,0.325,48925167.28436078,148350.48336265644,4.365666826053532e-08,7.359949411349665
5002558.0,0.33,48933767.906478696,148350.48306417436,4.3327531712089e-08,7.363236051199938
5002558.0,0.335,48941914.07603261,148350.48288241186,4.301582053729275e-08,7.366371788410843
5002558.0,0.34,48949627.22155974,148350.48277305719,4.272070934162032e-08,7.369361544823276
5002558.0,0.34500000000000003,48956927.43131817,148350.4827056918,4.2441424630776045e-08,7.372210046568516
5002558.0,0.35000000000000003,48963833.54910535,148350.4826663551,4.217724107597353e-08,7.374921832009242
5002558.0,0.355,48970363.261976115,148350.48264059474,4.19274780969197e-08,7.377501259264215
5002558.0,0.36,48976533.18065576,148350.48262687854,4.1691496731611267e-08,7.379952513350278
5002558.0,0.365,48982358.91332189,148350.4826173062,4.1468696765435e-08,7.382279612971495
5002558.0,0.37,48987855.133411415,148350.48261152013,4.12585140950387e-08,7.384486416982005
5002558.0,0.375,48993035.641973056,148350.48260964322,4.10604183050555e-08,7.386576630546236
5002558.0,0.38,48997913.425083995,148350.48260526883,4.087391043807291e-08,7.388553811017637
5002558.0,0.385,49002500.70677407,148350.48260698197,4.0698520940275246e-08,7.390421373554848
5002558.0,0.39,49006808.99785323,148350.4826030875,4.0533807766990265e-08,7.39218259649232
5002558.0,0.395,49010849.14100527,148350.48260576752,4.037935463397012e-08,7.393840626480674
5002558.0,0.4,49014631.352475725,148350.48260254614,4.02347694016518e-08,7.395398483410648
5002558.0,0.405,49018165.26064001,148350.4826050559,4.009968258090585e-08,7.396859065133101
5002558.0,0.41000000000000003,49021459.941719994,148350.48260276346,3.997374594990035e-08,7.3982251519865105
5002558.0,0.41500000000000004,49024523.95289063,148350.48260412438,3.985663127271168e-08,7.399499411142271
5002558.0,0.42,49027365.362992525,148350.48260370083,3.974802911120266e-08,7.400684400777313
5002558.0,0.425,49029991.78103512,148350.48260298074,3.9647647722490896e-08,7.401782574082732
5002558.0,0.43,49032410.382687055,148350.48260463087,3.955521203504273e-08,7.402796283116446
5002558.0,0.435,49034627.93490102,148350.48260210335,3.9470462697070645e-08,7.403727782507278
5002558.0,0.44,49036650.81882548,148350.4826052197,3.939315519148746e-08,7.404579233017348
5002558.0,0.445,49038485.05114364,148350.48260184584,3.93230590121871e-08,7.405352704969151
5002558.0,0.45,49040136.3039427,148350.48260507264,3.9259956896889255e-08,7.406050181543283
5002558.0,0.455,49041609.92324964,148350.4826023689,3.9203644112202164e-08,7.406673561952408
5002558.0,0.46,49042910.94631216,148350.48260418756,3.915392778693972e-08,7.407224664496706
5002558.0,0.465,49044044.11773259,148350.4826036371,3.91106262900674e-08,7.407705229505742
5002558.0,0.47000000000000003,49045013.904539295,148350.48260262373,3.907356864996428e-08,7.40811692217142
5002558.0,0.47500000000000003,49045824.510266185,148350.48260526548,3.9042594011965535e-08,7.408461335276427
5002558.0,0.48,49046479.88810922,148350.48260126347,3.9017551131404885e-08,7.408739991822392
5002558.0,0.485,49046983.753246896,148350.48260619078,3.89982978996071e-08,7.408954347561698
5002558.0,0.49,49047339.59434772,148350.48260068367,3.898470090048762e-08,7.409105793436792
5002558.0,0.495,49047550.68436616,148350.48260643505,3.8976634995609926e-08,7.409195657930574
5002558.0,0.5,49047620.09063597,148350.48260064345,3.897398293571945e-08,7.409225209331375
